Date,WTI,Brent,USD_Index,UST10Y,CPI,IndProd,US_Production,US_Inventory,SP500,Gold,VIX,OVX,NatGas,XLE,GPR
2005-01-07,45.270203260199914,47.2427966707222,100.12394932770306,3.002882161817553,189.70566116716373,95.0,4.980926305580332,371.10635836703614,1223.4014345931396,458.29824065323584,11.205954902083526,31.317043556636996,5.959296988534799,38.427806575209715,111.67549513575331
2005-01-14,43.8848640451714,45.21256294789071,101.1764464597636,2.9903822715141732,,,,371.8571848447418,1249.184084422156,457.8948322251878,13.803252021488124,38.8774538690742,6.140425021696597,37.64983529482522,111.63554809201105
2005-01-21,43.87687602666103,44.888994780774766,100.77195774202241,2.9774262582486326,,,,372.42091672151764,1222.489110270889,454.6727946264177,29.44630986482404,34.0172742026883,6.079391088097041,38.11721635841109,101.32537051338038
2005-01-28,42.47371912317788,43.56136220774418,101.09562359478596,2.9895567803538103,,,,372.79608091482635,1219.4305024082232,456.02011815217713,21.89276510274056,39.91125038828365,6.532238332536999,38.29054186835171,140.50523405833613
2005-02-04,40.82311701370458,41.446565354700574,102.72972957129154,2.971050521494911,190.33011518330207,95.69295993388623,5.079858539271276,373.29397675198953,1245.7336336377095,464.2159946116704,18.549359153646314,44.02117974287783,6.8516232503687675,37.479332902883684,124.58991083668361
2005-02-11,40.70414771764436,41.6571014184821,104.58046991017689,2.980550010009216,,,,373.5936564913777,1280.561309680456,464.69927680829755,14.814831267963076,34.70007166040467,6.508417446199479,38.774209426341294,110.28928187062547
2005-02-18,41.16931966253412,42.637778862960744,105.06607273290349,2.981930407626703,,,,373.94575624971066,1307.688052688708,468.6397087377452,17.078451863128716,36.74467582852119,6.510360680239262,39.58556748569429,127.43476379340848
2005-02-25,42.67704640986616,43.656019534705244,107.78662197743185,2.9510750029522748,,,,374.5857263836992,1314.1754628110766,467.9431107230321,28.03197671797113,46.25733376294528,6.682711835604653,39.6925495635833,112.93470326130944
2005-03-04,42.86978408812497,44.18535259908187,108.33928628311753,2.945510861165093,190.43952325863242,96.3714405330181,5.078023100888952,374.83150401159423,1364.2179145447099,465.10672960775844,18.55522164053059,39.502512259595726,6.945716779003023,40.17619268169295,145.16429425958827
2005-03-11,42.221334549731885,43.565566082659345,110.99252210409207,2.9059365797000742,,,,374.86991457404685,1361.1073023798165,474.57584457326874,38.15248221255517,46.99825589786817,7.397415488179808,39.226106449997474,115.98925246296677
2005-03-18,41.323155695190444,42.565909780529296,113.18970903305777,2.9246309935054757,,,,375.03935041815896,1338.6132770851134,471.61837753315035,39.261332549953735,46.23859848010116,7.5621756195280225,39.1653133842147,122.2840694952019
2005-03-25,41.591443021217174,42.78377038921779,115.89607655602374,2.938005620119864,,,,374.8060943757562,1310.1779449411704,470.0806314921786,37.76697122417801,40.974114127830134,7.3662483417497295,38.875164261312996,128.00073982676813
2005-04-01,42.19593059206787,43.99541989875414,119.80889783305506,2.955846334461344,190.6388150537338,97.02130449337332,5.029667776409476,374.94337124928353,1319.9398816989244,479.62786616113414,25.52103614127459,40.33979006799713,6.838359538032135,38.890941238635634,128.8251279959985
2005-04-08,43.15389143888374,44.551768535555674,121.72173782077458,2.9778636044354925,,,,375.04182625224735,1341.7722208050773,484.07506835103493,17.985864500886844,38.87700207664615,7.335646037437311,38.90553463725013,130.37609579368888
2005-04-15,43.363156228759415,45.32706289998252,124.8914673277703,2.9842509236774304,,,,374.98659865243167,1299.7825541262746,487.7545224617399,30.830875931134813,33.92598286185526,7.666914530222877,39.018028222402805,117.76778854432303
2005-04-22,44.08914834869074,46.119429189462544,125.04497819839166,2.9759522229444486,,,,375.19238260597615,1329.92947881747,485.2952583790213,16.367738290227432,37.81705698007261,7.654792448016405,39.93384054869001,105.19690939558734
2005-04-29,44.141259258369836,45.730662674636044,126.67968237824749,2.969546899385705,,,,375.3417561591191,1345.9584553986515,486.55961302818633,20.94380870060129,35.285169585336604,7.434981834828211,40.25182600390412,127.45875817558633
2005-05-06,43.69099807053947,46.25880663420102,128.39111560395426,2.9830076715876066,191.06279606803145,97.77297513090174,5.1002142618433215,375.5616114667022,1340.1432045714716,488.1875584724063,22.775368125372516,35.23989303961713,6.930253087241361,39.97677262321706,122.00623037917433
2005-05-13,43.728243760422465,44.74255411353319,128.82979615707396,2.969843060058496,,,,375.6203410069426,1367.6606205624028,489.66662969747335,18.592526885822934,35.31419557581867,6.783708991980886,40.000943382041044,118.02393102046366
2005-05-20,43.321447050237374,44.59598658111884,128.00364640532993,2.985164493427308,,,,375.6784125817353,1412.512206303859,484.76765196857787,12.271175675655687,35.35727799967787,6.645043359174899,39.292117194968284,133.04262215305178
2005-05-27,42.22154141123133,44.02601120416766,130.86887340688034,,,,,375.52407105873516,1417.1480529363123,491.22389654034396,24.36467443018543,41.22290594932952,6.0134873892853555,38.58383658723801,104.97852488769462
2005-06-03,40.22566053124683,42.5152541355132,130.4523852057629,2.9564522486089384,191.5407372362693,98.31077638791223,5.094192197552629,374.79151196874255,1415.0634524562533,501.04731774343276,27.7035579267501,47.49488829102895,5.999194766448022,37.618843665323254,131.17086593826645
2005-06-10,39.671524435528596,41.20603205295029,133.47170381253252,2.971009591965675,,,,374.5094621965551,1459.6838940931727,499.8634670187404,15.213806125880303,38.07002922672159,5.900132197296847,37.98075496648807,102.95170517367814
2005-06-17,39.64317657643605,41.18292221154866,132.8044396703285,2.9824344295168737,,,,374.19063141261483,1488.2511374889264,509.6202761539376,16.002130705304833,33.36837336093454,5.725743705636678,37.5392284229748,135.09835569184332
2005-06-24,39.32392521539321,41.87046853580621,133.81919469110835,2.985614366874025,,,,373.6104032497671,1548.7727194039471,516.841290297924,9.0,34.19988529462269,5.729765992047821,36.51544750102134,126.68673791839228
2005-07-01,38.4785243491106,40.2084066690992,134.7630879460526,2.9866009547125434,192.1838880276204,98.78029174774305,5.062917679882635,373.58635281463427,1512.728787725505,523.5039794356888,27.858395187784595,37.31062333588131,5.662368167129953,35.556001469928205,101.02024128909407
2005-07-08,37.12905394359345,38.82831123442224,135.1260162103261,2.984062735531993,,,,372.65321178861956,1514.2175348115575,536.7807270600487,21.157788462140914,40.82269894455338,5.560381730712499,34.357145734514,105.14569830336076
2005-07-15,38.07604272757883,40.37912740840117,134.84032711333126,3.015081687723798,,,,372.19244541071095,1526.895524048106,542.6496236094321,15.532595157541168,36.2300948693559,5.874440125022991,35.19774506600251,115.30286886682559
2005-07-22,39.83017428618857,41.79203479439924,135.05149531327731,2.985633321161344,,,,371.81263185381425,1483.9958923512468,554.2326553356544,30.128459913639738,42.96134844886544,5.986581216424781,36.04258229823095,100.83499280199541
2005-07-29,43.01498533495678,45.17860951370004,134.34459511784718,2.9839159067569696,,,,371.0277060508682,1501.4814188157252,559.0324407925052,17.61620924352094,49.67680866825259,5.629985854514398,37.763200711700044,105.36537082577267
2005-08-05,46.156442283401795,48.67698570974594,135.0358217545474,2.9786223113128028,192.32215669960806,99.25731316289838,5.172425405245699,371.09630275867534,1588.183907711628,556.1813751573138,9.0,49.3373461661668,5.750665364572667,39.472461667327956,109.02928514637804
2005-08-12,48.0096149339781,49.998843566665016,132.64853056358788,2.9843679741466245,,,,370.40224418914283,1626.3469533983243,554.9331589978182,13.890848935051022,41.33651897849335,5.488964721579006,39.94004348641324,122.04862687646181
2005-08-19,48.261428811830555,50.95753767101967,131.51918481803386,2.9891860244545336,,,,370.1191095991301,1648.2057173946744,562.9415395105442,15.904698588123322,33.090876286500716,5.329317490450505,40.36825400836641,113.692400745235
2005-08-26,48.89793474238079,51.7011182701031,131.86633686976433,3.007791628070471,,,,369.760689567997,1660.078889678246,565.9938504747944,16.245984008102177,33.81544615315768,5.088952938612319,40.65671645503946,116.0849680507015
2005-09-02,49.955387420242275,52.623406244351884,132.9480619927216,2.996344928511271,192.79414541156294,99.54234936369433,5.1448754298841175,369.46080742854065,1642.301752734972,571.8956051798822,21.320023529033588,35.43368651536359,4.875373547064429,41.752624746668054,100.24775153583282
2005-09-09,50.344742725572395,52.38196103791497,131.57269541151453,2.9965919999096333,,,,368.9256415392986,1655.06349471784,575.8399754354577,15.27738898633412,32.1077598220063,5.070072252381976,41.62007912086284,123.28605814543758
2005-09-16,47.99322096185718,50.33227257934536,132.42605102805646,3.0053750409790005,,,,368.14044542790566,1633.2651296048095,575.5301722519204,21.909140445671287,41.14469143301718,5.399789113521061,40.441474305627224,105.36317502261869
2005-09-23,51.056391404292725,53.600050481365244,131.20499140531797,3.0087244132306634,,,,367.360832409527,1673.0191108196761,576.1918824316958,11.532360286782195,44.776256460406636,5.296077474819062,41.08903579893067,119.93768998818665
2005-09-30,49.77679515912398,52.13558209085197,136.5720108576016,3.010052662080514,,,,367.24057655476366,1664.997039496823,582.1892245091531,20.079549392851625,36.675733593277734,5.530339007365155,40.36201007765274,117.17909824553799
2005-10-07,48.40480110934576,50.700236110744804,138.24021062265166,3.036790123063254,193.05411479964755,99.76997994641621,5.288829030453445,366.54814942486803,1601.9322903845907,574.0842159562261,35.735236401447345,40.91658503588333,5.936020065114469,40.60296160447563,119.36372083848828
2005-10-14,53.34665975599198,55.38655627220745,136.37695342961766,3.0369682472324246,,,,365.9747843624615,1612.7884208842515,579.4131274874485,22.085479688685012,56.12784655919849,6.169621726537178,43.11871213250126,106.38486842840405
2005-10-21,58.33695277693171,60.70563131193517,132.4901726496392,3.0145116030039265,,,,365.03738185711853,1663.3469840736857,574.8155818566872,10.648924845811154,51.612751944066986,6.013879287815436,46.68155971910202,107.33406459551874
2005-10-28,59.69393850198573,63.20360607409236,132.4211016180237,2.9740274337957664,,,,364.4048770022311,1646.6719946566425,578.0185213339552,24.71930152759915,38.18993643337245,6.184400068650472,46.948991134576765,102.76020513504447
2005-11-04,59.34696574999578,61.58336817238586,135.37839530515183,2.973712534027387,193.25297319634765,99.84621337936177,5.235444354916299,363.9491770427764,1646.860610292805,583.2716929325933,21.14579996024261,34.0692612966375,6.469734293269596,46.00814378942534,106.60352597945504
2005-11-11,58.48836480373042,62.18634445743885,134.44001608169037,2.975088370170424,,,,362.6168504341972,1621.968385130073,588.3962060277951,25.352012361758675,35.72803168639909,6.181836862046082,45.68423535322996,118.45615208874132
2005-11-18,58.184706587579484,60.94923645213694,133.55150903445633,2.9794150320379265,,,,361.527676760513,1650.0388502825244,589.0426078284553,14.498244411580485,32.90900174162912,5.81685214536685,45.83475883927194,108.81541856393969
2005-11-25,60.59194995178315,63.79222256357131,135.9187110900813,2.977520731689964,,,,360.34781155657777,1754.8134150904195,577.2787685293015,9.0,40.85824986360901,6.371210591822646,48.03677785684036,113.59055927326307
2005-12-02,59.70269954155786,62.42781536971179,135.4151577990238,2.9625534981866126,193.67078562131502,99.82828451110079,5.333612052636326,359.64399062371893,1740.8717596935207,572.9678647819933,25.775576767808992,37.50773492801906,6.6595836187145485,47.64404261921102,109.69567407154533
2005-12-09,60.615578304348944,63.55818820994299,135.49672660295732,2.9578864286894544,,,,359.232627020879,1755.6964856503405,583.8287710106168,21.439548598991493,37.99405825887995,6.988195800208937,48.62767425601976,128.11150133760194
2005-12-16,58.6533874134964,61.405838390952376,138.09703693262006,2.95074788646212,,,,358.42254044073985,1707.7619089639877,588.2171180827586,33.92022688827347,42.983213197679376,6.834424128144091,47.37311866383419,121.10577386573269
2005-12-23,58.70752976948448,61.93606327933367,141.96842292084696,2.9468203848187935,,,,357.63600110508673,1709.079344249348,601.6020096785078,26.193018059864354,36.485893288892996,6.983978175008209,47.5078889117292,108.45817412637167
2005-12-30,59.06130251344826,62.05962186652712,143.2926491905946,2.940804638738036,,,,356.91798567435956,1701.293792492121,609.6068043243267,28.490423840495172,38.068865629645174,7.985879447534803,46.84434313604313,127.53741440225745
2006-01-06,57.77868321084714,59.72152671600614,147.9643295023694,2.9434291049975796,194.11629624673773,99.67718970730273,5.293458311550997,355.84718372381013,1701.5918686258685,609.0881614674083,26.405252103656764,41.13553162750188,8.053782321587406,46.46192866810179,131.28466043798772
2006-01-13,57.44394933340553,60.74433078646535,150.10610977444466,2.9240871146231493,,,,355.10785615964613,1733.5091322951719,614.0986095858484,25.104729558990996,40.39811256081663,8.754888395026615,46.19040317188669,107.94752405154084
2006-01-20,56.835050883616056,59.74129632252609,151.12210457434983,2.932970390926573,,,,354.0624760468517,1800.2442994540477,613.6259074525643,17.75861882518522,40.40508950121558,8.940826631968811,45.14227158703987,100.05072759192194
2006-01-27,55.55239694716679,58.58468651453094,153.65092341559915,2.936348347869054,,,,352.83950587309295,1801.8581293207274,610.1209393779518,28.725921064793617,43.0183345509191,8.647301530435952,44.062874778445945,108.11191998334255
2006-02-03,55.91055183416097,57.89090616616686,157.72337230939758,2.9136310380261863,194.31886188260034,99.45914953650556,5.260632715033585,351.864204269992,1790.3349011091605,612.4881174166411,34.725052702077306,41.94737739954874,8.265541278431161,44.20033427090388,118.29602930080601
2006-02-10,54.73121541788529,57.27648031449609,160.62383558762642,2.9103344248955354,,,,350.7193323614128,1739.8502575623593,616.3398242638044,42.05250119525967,45.671098776609014,8.783711614752512,44.238061388727594,112.72219614793502
2006-02-17,53.776710628489106,56.08453852032254,158.44905522198644,2.899538968390964,,,,349.89473569303266,1765.3771620828552,629.025080145808,31.43472745546722,46.40683285729201,8.95454265457725,44.441504654329016,108.1097895329732
2006-02-24,52.47159545508424,55.029490657811145,161.96190012546586,2.8677131206251474,,,,349.17398215267167,1793.492105055312,635.1236292763444,37.28504369978246,52.088484521408915,8.62430168317957,43.549710919898615,100.10559858089542
2006-03-03,49.186934269712665,51.681710914393555,164.3766281897463,2.872296837417028,194.4273554140757,99.16223200152666,5.354525432527176,347.9015016656888,1734.6791580265344,638.9980264209227,50.85471063255875,60.12304959945318,9.05513946806999,43.46822179059708,118.63465411343913
2006-03-10,49.84281087804365,51.81692674524244,168.4944386859456,2.8764014687048722,,,,347.10987689670395,1674.198035573832,630.8586326924731,50.30740869348081,48.02147190281734,8.951732505256736,43.89325431191479,102.55580927019726
2006-03-17,49.49820729873032,51.64658918368625,172.6216622787396,2.8825165785530515,,,,346.1691844904928,1668.0928724614857,660.5346058958012,39.124097917647184,45.54506169984693,8.570002828195749,43.84796983662092,110.86761376384423
2006-03-24,49.267389246432025,52.22340047002122,169.8003857701409,2.8912817635987964,,,,345.3563586121114,1668.0315376694004,660.1444650615407,36.47405014893398,44.00364066487058,8.340012237950905,43.633260805727616,109.86170183361011
2006-03-31,49.87166158720155,51.82112406550906,172.540675980152,2.8892692112837413,,,,344.53757675063474,1700.8262071920724,663.2609973227902,31.02697551139277,45.92722341155451,8.847266901179122,43.73163010075302,114.77632428891988
2006-04-07,49.898464371098974,52.10893448637054,175.52376785398997,2.9032841286724267,194.81042073803903,98.69388857641583,5.297834849026577,343.77909496174266,1765.0710047396346,664.6263599629422,22.551592702516253,41.234622105777206,8.824460503838337,43.934558164036936,129.27564510853878
2006-04-14,48.948562685029955,51.091303698447035,176.1952082726786,2.9064436045168494,,,,343.1788266134406,1726.1889625523224,658.7675744254271,39.44894011011007,44.73943859472532,8.521483405014374,43.602077722062454,105.97439549982107
2006-04-21,48.63498286881493,50.122079391342346,180.0053828567162,2.903910944803524,,,,342.5676227033545,1693.0452456620467,676.4777632719562,39.393192512254714,42.465269992325624,8.322138055936524,44.533178504492234,131.40838386979595
2006-04-28,46.73275785573187,48.09706741438431,183.98124747400882,2.9152723297964585,,,,342.1133104140305,1655.2186647217006,675.3397571056687,37.93354620350874,48.21405334748306,8.209279175551696,43.237394890574436,102.09472043250392
2006-05-05,47.64495697416301,49.07435347635137,181.55080577746426,2.941096404024201,195.4123431357916,98.25454543020143,5.434418786252254,341.57611134537956,1694.6673749277943,692.5289967718002,18.783196596627246,40.152381441992894,8.392428330395195,44.456444500041556,114.14420764957346
2006-05-12,47.073226500850375,48.91647754352678,185.41944316866892,2.928631649332121,,,,341.0019329364363,1678.4424453660104,702.7315325985472,31.74972832332448,40.565030962361185,8.392392670490437,44.86433398705448,101.9940916038481
2006-05-19,46.28283887029641,48.53763382459873,189.93270588996128,2.9240591938448537,,,,340.15111650377776,1693.974369615166,699.6720357650855,26.86483485863925,42.14409509558152,8.153454679293455,44.507550875285304,130.00705830591627
2006-05-26,46.72245935373128,48.38788603158616,185.44640295126587,2.94608780258126,,,,339.319671304424,1715.552300654845,701.9167566209009,21.21822088025819,37.42348991512792,9.215121368886004,44.516642047686574,117.98589040036114
2006-06-02,47.41898807590854,49.60776388584089,188.42575416753223,2.938754612119918,195.47201905490994,97.77092178652603,5.45488534569951,338.77374561958914,1715.5493105803391,713.8245234063475,26.26803851582897,39.43385170551953,9.964865135837606,45.53218249064912,107.80262052028867
2006-06-09,47.51845143346241,49.59720979646762,192.25221648463267,2.9483240191626945,,,,337.90634111247425,1668.4617789361414,728.0804798712062,32.51317711833907,35.23685109936517,9.97342596776064,45.11304963159563,127.29186584033499
2006-06-16,46.299084061486646,47.341793061787854,196.72083997067114,2.9376393166719503,,,,337.37381151186406,1676.9196064802472,733.8947146099438,25.131348078325658,42.15128487780528,10.206682757177154,45.41544830129743,104.35157257935276
2006-06-23,47.29414210102057,49.02141852454601,197.9678633423186,2.948297032998877,,,,336.8346044244188,1684.6679672598375,738.9719114187197,23.008504495400015,39.60579764138049,10.251278519968904,46.37090042868436,124.13589818547747
2006-06-30,47.80878848315494,49.60398365961644,198.9582946018542,2.9826305621919413,,,,336.15573187239823,1664.4997121831361,746.8508248990987,21.67970353741874,33.0920936953259,10.18052482131115,47.61788719019391,100.84554949609374
2006-07-07,47.19191271467193,48.39780860844294,198.65393008213206,,195.9662874852675,97.12448003223948,5.398948941182657,335.6218854829756,1629.8620781828188,760.4159204498435,24.65797684262828,33.75660408748787,9.788839508050987,46.67877469098508,114.70519677755168
2006-07-14,48.13322762905345,50.04899193607361,199.34554446512206,2.9903156742300014,,,,335.61457214410063,1676.1239851013033,743.4148073841604,9.0,34.49481246596516,9.536456925166,47.36544573689552,106.75885484635118
2006-07-21,47.078976370007865,48.58192307473611,196.5214129180533,3.01001488862366,,,,334.47684705921284,1693.5926543969792,723.5820680047203,18.344089795790488,37.841849773446654,,46.61108704833764,107.56669547060088
2006-07-28,47.36840764309817,47.662008534653054,190.36811093137774,3.0197757532776714,,,,333.74788498331407,1675.1547715863414,739.015712308319,25.990778801822433,35.15291569246004,11.672834675841667,46.83981202307926,126.10244330219174
2006-08-04,51.199751870524636,52.330564124811566,185.41066417384948,3.0324359510550982,196.41476929998652,96.59098722552658,5.3843845243666495,333.3286504071863,1663.322583801467,736.7446608703839,27.10438168410161,52.42999438218295,11.434396150807771,48.920152984144664,119.50566839500257
2006-08-11,53.71436505783586,55.08461580750472,182.80642613042644,3.005683471412231,,,,332.7375957172142,1658.822582396513,735.0528186784228,20.465999388445024,42.316920029564784,11.70600164954109,50.387673957474874,102.38302700689908
2006-08-18,51.703512647168886,,183.72183331045352,,,,,332.18590430304187,1649.874162248206,729.5554280374874,20.044483642518372,39.34189196741875,12.193693092484303,49.35717953512238,130.54620757388702
2006-08-25,53.051952526798495,,180.18564050053897,3.0117340918562903,,,,332.11906333374907,1647.2506669893119,726.4329196146087,20.690275005085226,37.80601503461143,12.246894476808325,50.74415086794452,109.82570497362316
2006-09-01,52.374897824720776,53.88435984496324,181.87263521544108,3.0096405356936264,197.06785116999808,96.05865219818818,5.49349006880749,331.6281658059284,1639.00317646166,725.3845890069156,21.01141767505262,34.496132192826956,12.89458311118047,50.12657090528056,104.21089085920113
2006-09-08,47.79343590570638,49.203255831580684,182.99640857408062,2.9938285224762793,,,,331.4096535852431,1578.3076474627237,721.0621834627711,29.129468745382006,50.67790441909322,13.734787679713543,47.12397977803856,115.36591644319549
2006-09-15,47.18247107037083,48.385647148322754,185.23500080588033,2.9833154140763516,,,,331.3592880370046,1631.3340549292086,728.4149323928075,9.911865069659598,34.7140564375665,13.15897610266823,46.941618175622544,110.00147942031838
2006-09-22,45.91045894208202,46.95215946730689,188.50277444013633,2.9792768121243265,,,,330.9124612393933,1548.8639296932465,727.894100857283,36.59931297654795,38.703416142547965,12.789834014802036,46.11376408003431,112.415554627674
2006-09-29,43.173488869186045,43.16252286669206,194.35590607154776,2.9868330565374444,,,,330.6235546245891,1572.7147477507526,727.6009873007246,14.743141991142355,45.07433116253322,13.305893913443125,44.10217975083785,106.00379201631972
2006-10-06,43.61413422263385,44.59772838181092,194.98125429414785,2.9775613267362617,197.3348828837278,95.41686708924152,5.547935735876951,330.52955515440436,1608.8538077659632,712.7524758039569,14.070716663238313,34.82491631228854,,44.45328147119997,118.44371706163341
2006-10-13,42.833643189200046,43.65698626016573,194.4436545383363,2.9700753192806877,,,,330.9567007069926,1571.3358240523467,715.1119554825052,29.297079454579364,37.45150626861976,12.643187630035298,44.12633753627312,115.10263134762788
2006-10-20,43.59366531562568,44.98363647011187,196.2945924815333,2.9433123044569385,,,,330.91641922489856,1608.8990072288252,725.4951850477926,20.717005955958733,41.07216334039847,11.669602431538303,44.299554573661084,124.69837049862457
2006-10-27,42.70095489689978,43.46233567247615,201.99807887439283,2.930885667657342,,,,331.0988749245519,1601.6024419880146,717.1501305719552,31.192127690678397,43.104254106538825,10.674374549520717,44.549307999803574,134.54298784596898
2006-11-03,43.35808457506436,43.99120461162118,203.71443358605674,2.9453128520989034,197.22074568481938,94.93942905742308,5.598518695881207,331.10194561818304,1581.7872493275906,712.7918048929606,30.990135256218185,40.19671924969597,11.329920367628283,44.24105684247728,133.58543211548596
2006-11-10,42.29700937677938,43.17162957028226,211.1475313778764,2.9168364693496724,,,,330.99808642975836,1556.5373744332678,713.0632567883495,37.212232954416066,45.707386375713014,11.044270565391905,42.9554814516535,129.95757898607386
2006-11-17,40.03511346768384,39.88723210548146,216.43186186790467,2.920439351355449,,,,330.6000787048374,1525.601035379416,725.530240339739,38.0905700633526,52.1364113979252,11.0239049686618,41.078687114611,104.71472542752518
2006-11-24,41.07641878415839,41.97212934447774,218.3355770086449,2.9268368704376067,,,,330.0700603945825,1500.1892636128377,746.2982547042486,35.21347403047453,44.431886161689576,11.326693447175451,42.48084377167635,135.2607000142552
2006-12-01,38.94382342823549,39.01453433552914,221.824730625473,2.947526292005961,197.72271734571908,94.5083036170448,5.596208133303819,330.0375438182729,1495.4048230245014,758.2462441909912,26.98690323352264,47.74815607723329,11.478676995640814,40.28094998268928,107.77324880371103
2006-12-08,41.81327333525281,42.11575689688599,216.5720731098753,2.9466324291101422,,,,330.2599493370669,1487.7080680976023,758.8720212564538,27.38751938869609,51.533570285527986,11.266789858752222,42.14452008378582,111.65497845083486
2006-12-15,43.803671466524634,44.6327047695058,221.0022432681668,2.978671281339543,,,,330.40507279441266,1469.3989665253605,753.1742871428883,23.731222433097628,42.24166346370094,10.86002594637852,42.663222112725705,101.40666372666337
2006-12-22,43.45056375996747,44.234154362439085,225.68142264163234,2.9798499123719986,,,,330.23221641923163,1443.8173977589706,756.5544121765782,25.107117863070957,33.67280876175691,10.721843247314466,43.41391886717438,117.86272334517534
2006-12-29,45.12699188028529,45.36297524294093,219.39820675085585,2.9809293585924754,,,,330.5604052020075,1503.5129278533077,765.8467516540996,9.0,40.04725885213342,9.812266195724117,43.30869324139015,106.69957252519197
2007-01-05,45.95897544660075,46.1457477067808,222.38437450213846,2.9692137833337697,198.19016367863742,94.05279001876829,5.642547588283733,330.85665776367796,1548.9150244599202,758.6205420870093,12.077596738670321,36.6875665074323,10.015415567555848,42.733932261749466,102.31087338122829
2007-01-12,47.115204548558864,48.455441634463234,221.22750063707866,2.9875821430933787,,,,330.95078443946585,1548.5399904060105,759.5446813550783,17.822722483235005,35.96630299289185,10.83685386276778,42.41552952134194,101.28792808217753
2007-01-19,45.638386116022,46.189641322774825,219.60801816988646,2.9988150372834546,,,,331.37789372492927,1531.7146990718531,762.4901194178367,21.804228921910333,38.02412743844996,10.920678469885154,41.285650926880535,129.96933835427959
2007-01-26,46.23453077844024,46.6876568364365,221.71709906479745,3.0026728072088518,,,,331.89814199277583,1543.332373521261,757.8947230870025,17.347392566439947,34.597931840773306,11.676974714209653,42.754028761098716,135.38257097005385
2007-02-02,48.49291520111339,49.368217886686764,219.53227857962938,3.0035676150997124,198.12844487669182,93.76788703336446,5.623725005494244,332.33025792327805,1494.6791276818717,754.359910998424,29.36514202265135,42.32891673920264,11.523506300765334,44.46707408731793,100.38003793706669
2007-02-09,49.70936911321436,50.67508388588433,216.15167070629596,2.9886873818267006,,,,332.8277614594091,1522.7523885704923,752.5096180601149,11.765994943715663,35.6829068035654,,44.651203785771784,100.7526535175933
2007-02-16,48.82356171379396,50.02109187118405,214.38555702697406,2.971971338737034,,,,333.0690952814525,1512.7134994273806,741.2327274706455,22.00607880313496,35.970191800050316,11.499308415525087,44.21702872202141,102.78904477690689
2007-02-23,49.90014671176166,49.37578099400734,213.20697208065468,2.9818733114918854,,,,333.3606034646799,1498.612873913883,743.2301664115664,20.590725128648707,35.31919453446946,11.138177325652961,45.8905438618557,102.51760020618303
2007-03-02,39.82653872329574,39.98461035902878,225.78097885056428,3.012877879862181,198.59403229604982,93.56311251387383,5.726839998867607,334.1321516930592,1424.3228415008816,745.5787616983181,37.66016635329776,83.21265784787778,11.252910576742021,40.58450218834881,111.98660310864635
2007-03-09,36.06111009330705,36.30299703544535,229.0989767037876,3.0278460976798183,,,,335.10989820539646,1353.5965809933793,763.7514718642246,39.83638735097403,56.88806252387211,11.470441601654331,38.5973713518868,126.57997562925347
2007-03-16,37.68336633269256,38.269444597300236,222.45535495990424,3.040273212892383,,,,335.85069864331683,1363.984053006894,763.9631490295842,24.10247380840938,45.94475178422577,12.13684731563126,39.65757739191432,106.26822320149002
2007-03-23,41.11452769495048,42.03925664316557,217.8690344103936,3.03096111742879,,,,336.1686202605907,1406.0550360610346,751.9378846975816,15.06144275041407,53.95464610635826,10.948402779234623,41.54142901107047,109.40634101259242
2007-03-30,43.720906495747975,43.59471360240876,218.36191005280003,3.0199245763501543,,,,336.81952877142965,1410.0075441133042,741.8409381563864,21.431206475455305,47.037831925038454,10.480510260594384,41.77949976874124,113.58508966157615
2007-04-06,44.42381873824979,45.15966286384017,214.52159268913738,3.016202539084261,198.69969954375958,93.42987952933962,5.710984057438102,337.87512995699535,1449.5972580737603,741.9108561080585,12.816322361451327,36.25788859120626,10.63289416769757,40.65410093772407,105.60125700780195
2007-04-13,43.18333926226308,43.122785451053986,215.63867532340382,3.0338574890996637,,,,338.48598481486204,1470.9558573610004,,20.341197626562973,41.38342480603567,11.259926529799637,41.11227969332593,129.4015435216913
2007-04-20,38.689192344030495,39.092172488976956,219.41084655927173,3.038695898183713,,,,339.01405853336314,1450.642844633598,744.3092969908245,29.073883986118844,59.44491102175428,11.750397124140079,39.28092901692405,103.90355339084186
2007-04-27,36.55809316444263,37.08920792416129,218.95668330144815,3.0370347668772313,,,,340.02324749308906,1432.1556851628138,729.3236014623457,28.067793017433267,47.27802007932819,12.326856832065264,38.55824137364244,120.42784466292488
2007-05-04,38.25027366918705,38.6224915968454,213.4675129204506,3.039481019810683,199.34938040380436,93.42685256761379,5.769498819630687,341.08565267002274,1387.8272222147887,724.0191417688991,33.220737987701554,44.480131737373505,12.76048625468987,39.6402681519935,115.23786939363612
2007-05-11,36.54075877666258,37.32185824620325,213.59034807731456,3.034387174166747,,,,341.8627433600594,1397.96115297147,719.5247362730044,21.141174891669323,44.274807194526645,13.18892674823508,37.78868777416834,102.65051056174266
2007-05-18,35.79527229829713,36.53444417900833,211.14410930708013,3.0160760256905803,,,,342.9384709062068,1431.6396959040626,697.3178220106605,13.056582785875179,36.66691748304302,13.877963318580214,37.591700606961766,100.00528482695621
2007-05-25,47.20692960146134,47.70488719655981,203.3910959397627,3.0229057707491593,,,,343.7073211339239,1535.4870446131213,682.9787695017726,9.0,94.03160755008577,13.900250164631824,43.321160546644386,105.88462745145057
2007-06-01,51.96332013233629,53.36985830206838,197.75232643759298,3.040536771240337,199.6309963284462,93.5181517032407,5.678130950099598,344.6427530348539,1585.5232896396963,682.1641545049957,15.18660263321047,56.32387079023359,12.378937305126083,45.75700593084718,103.46594587283238
2007-06-08,58.23748600757239,58.10006353465654,192.6135543266716,3.0367748515246005,,,,346.0193054210505,1609.6638679033842,676.0681763439324,19.153842621687872,59.53612301283216,,51.11698874838701,110.059606795623
2007-06-15,61.48345398382271,62.56651806790105,186.10475885047734,3.0250810135131445,,,,346.7108234176804,1611.8060547207642,673.8707213675783,21.123639120179924,44.94763090746077,12.791134334518969,52.04029286670227,130.5908293424722
2007-06-22,61.495034201008735,61.73203032394797,185.70468252093522,3.0095914774884656,,,,347.94209077339235,1618.4642507284625,673.760375552431,17.571497629729187,31.246907401213733,12.959953163955138,51.74989975119918,117.87557677373962
2007-06-29,61.90927098050454,62.50551376007863,186.62633225940996,3.0013425385410244,,,,348.71454859892793,1634.4104686495812,676.7006695162618,14.429027678569419,31.72388447394108,12.070007124668088,51.3735812924421,119.56893585809577
2007-07-06,63.483679536321326,64.10435494114918,184.42984195917887,3.0003250767589975,199.9988641211567,93.76430290134743,5.71329961322178,349.50837419302934,1662.3919549748414,661.782746738828,12.008005764080224,35.59191174694145,12.412209201954393,51.352447723158996,107.26186699446339
2007-07-13,62.605085644571574,65.17283430584605,186.56693771193386,2.99415708098532,,,,350.32247469407076,1668.485639685103,680.2331828488065,16.97478971928465,33.78097060871356,12.514032735831854,50.85711769887865,119.42583093475172
2007-07-20,59.18173808924043,60.300970812742264,190.73248662851628,2.9968907866210994,,,,350.81953515418667,1625.2810289316174,682.6790614009361,24.932409016942973,42.41250832225276,12.57922025785623,49.85974923486868,102.4096129407369
2007-07-27,59.05985750801991,61.35300288001849,196.53649066293735,2.9865267460449254,,,,351.80866879066537,1606.4524135629376,673.3597273251802,21.836459156254904,31.34735488641357,13.099315857030597,50.14840024394792,121.92934680091298
2007-08-03,58.421166830613785,58.484561247166546,197.7527003841492,2.9903537891985343,200.71868688322502,94.06347985919663,5.805715675403995,352.51288701415444,1646.8909514342504,661.7101651247419,10.020670704656267,32.71140855512635,12.922736529220474,47.62046949716143,119.46650944026754
2007-08-10,48.09183801053423,48.905256470295654,208.96840034151896,3.0012770064416117,,,,353.3203023869572,1587.765584808867,667.8176682559857,29.449615409389075,73.79191787698673,11.818772008123416,43.84989328772818,106.43969975967234
2007-08-17,51.99830271234077,52.87623710234841,205.91860898165208,2.9793076892358017,,,,354.3489015279234,1606.8444860918564,665.0942312492015,15.561219702577208,48.611420611558636,11.813082823472348,45.64306792100825,109.7051589252228
2007-08-24,56.67560260280183,57.32225297057761,205.77202492644906,2.9865908970333446,,,,355.1844395405262,1733.6914009568786,656.7860497491237,9.0,49.74551223011363,12.859096919268584,48.075627128798004,124.94527190486554
2007-08-31,55.09903580466388,55.94373219145288,208.92680250023247,2.9823434538267435,,,,356.35180305118934,1687.052527080155,663.5116188265032,27.769214455084988,37.932040211403844,14.0,45.976204685446696,115.69808398682062
2007-09-07,59.97437096708071,60.909927640992976,211.26128395544598,2.9713511741007466,200.79991037558057,94.55678505580401,5.903174208146106,356.90585734292875,1757.9159621343276,653.1566406342856,9.304723840881902,51.75174975610975,13.936455046935649,49.066576143873874,104.80046196467723
2007-09-14,57.90848681315383,59.29196456243085,212.40509156788403,2.968444191575155,,,,357.90230033256034,1745.1299583546454,656.6546417256517,24.222987775626958,41.06707298749472,14.0,47.960778188207286,115.5615483306226
2007-09-21,56.47529133821172,58.01332531683671,213.11220999315475,2.9777779100837654,,,,359.0548321912052,1715.5412960765912,652.7709832636821,25.039102292611297,37.452687653763846,14.0,46.49366127169352,140.81480781447289
2007-09-28,56.84650363969258,57.8197374969022,214.01526228089733,2.967999480061396,,,,359.60073813538634,1663.124582057067,648.8726804125199,31.102967736233126,34.63719877575307,14.0,47.17666299720197,131.03555997451045
2007-10-05,60.80095994319007,62.02664511045228,218.6627733793442,2.9713362941261328,200.7467976606331,95.03783869771843,5.905516799964177,360.4769759575226,1711.031329720245,654.7684862389206,12.399870572269373,47.40807518788074,13.057903822572568,49.62658868458873,126.60335644747397
2007-10-12,59.88997085276465,61.268664575380114,220.32400295461906,2.9634051476773773,,,,361.33147108992216,1713.2093805269963,668.0572387065828,22.206589588609887,37.04672097510054,13.740889738259678,47.53735824118287,124.53538617067349
2007-10-19,60.54848282720983,60.81572185296363,218.49058512690576,2.9401298207204936,,,,362.0204661447744,1770.3950995645191,676.2583628444091,17.72832930333073,39.458190568677715,14.0,47.888713195942984,103.77898083594631
2007-10-26,58.21365473957564,59.60202844430418,214.05821842106852,2.9417550483310446,,,,363.06381661677307,1767.6058471045371,688.9743162021928,27.91425235087245,45.61220337305843,14.0,46.43352560509551,115.89819416839744
2007-11-02,58.07614172110469,58.77797337081424,216.73498641539362,2.936213717900887,201.54898311929813,95.5855574117975,5.925629893050551,364.1229590616339,1817.1639938446006,699.2174641826372,19.867872846351055,37.9624244214523,14.0,46.188745548927564,148.11570606873602
2007-11-09,58.16548524034288,59.36959515004311,219.77884674662965,2.931485738130051,,,,365.0062699428995,1863.206637492399,716.2200199586666,21.483166552692783,38.33135481849986,14.0,45.59392309811605,104.65435596385514
2007-11-16,58.45936698483364,59.402320709152356,222.17711102300512,2.936711340866209,,,,365.8461996427907,1853.293185799142,727.7996007550128,30.30531898378811,38.91199740231083,14.0,46.36234309866182,102.35009045095315
2007-11-23,54.52943469948399,56.11469018287457,229.8330771121785,2.9186651943440607,,,,366.5746166054405,1863.1179101700234,750.8896624061782,31.34713249314585,55.93228326691177,14.0,44.54200380638348,110.78511895074465
2007-11-30,49.364863267877475,50.162096063441396,236.75193944821666,2.9314380871186865,,,,367.5490648418715,1759.3330803871188,756.4146277759952,47.094889258627134,60.490327603642434,14.0,42.86534207878142,101.24398716201019
2007-12-07,55.7885551514255,56.53480973716523,240.813492226185,2.9316839424999306,201.72541591917994,96.3469927931968,5.988743409473915,368.2101974199125,1770.0917169096813,765.171027905398,27.769371620925003,65.31145779936367,12.565369663985596,48.15214449445848,115.26586147859749
2007-12-14,53.18423969660868,54.07708754776334,246.8401230497417,2.925805293757419,,,,369.2518278075256,1807.464209658077,779.24326114029,24.865683561075258,49.93995149097392,11.77675722842051,46.405154754219154,115.0739769999211
2007-12-21,51.941695663133565,53.27582256631114,248.01852138015593,2.9294137294501126,,,,370.18629490162675,1791.6744598305415,795.4739115170562,33.09534011598666,44.17623483146153,10.760243899464914,45.11907365101607,121.66927201415561
2007-12-28,52.041897721935925,52.88882820632049,249.78660963349282,2.932324085692532,,,,371.22245360758086,1820.39739370244,819.4865806987216,25.637497554892896,39.3631685967099,10.012805627391067,45.49407538969938,127.17303779275895
2008-01-04,50.16749688918754,52.40113090202248,253.8282807177958,2.91271928894659,202.23723425842246,97.0023380072043,5.909511838816225,371.8588645988651,1888.942420262594,830.3804910285247,22.963978360328987,49.43843225694118,9.070150673025045,43.622864222811,113.50910775805905
2008-01-11,51.59943089510441,53.13581813712266,254.09485626766312,2.9264022318225518,,,,372.4193068516569,1930.7429756812114,846.1164053186906,24.636078434083117,45.659801421012475,9.712113620108731,44.77828801994859,128.2181491246702
2008-01-18,51.12432353900686,52.32792582737769,257.3483489244596,2.926970212352449,,,,373.1199004144975,1983.1198659482125,828.6589773082372,22.729300072066156,41.20787152112695,9.931448324854683,44.0680736941104,124.82969748995222
2008-01-25,51.12712364261211,52.60741476874466,253.66751581136012,2.93440241872915,,,,373.53204770140053,2001.3265310153645,826.1767504007202,26.632233998852012,38.261324851978465,9.643236492250109,44.534637142580465,119.82670298852479
2008-02-01,51.55330554025009,52.81565744521492,255.15705554118458,2.9597749711795247,202.6604676388972,97.68408462404628,6.025222246972413,374.3157609628991,1956.8848095864278,824.4478222229058,31.208980626454352,36.80763322862657,10.085681546208583,44.44238103997543,108.83515913183675
2008-02-08,50.75016718862961,52.90420632262244,256.4146950886001,2.955993438693195,,,,375.118325633754,1967.4029994353316,809.2012760205271,23.60089470229007,38.92702321465115,10.013946249211553,43.759596096404884,114.72135941344195
2008-02-15,49.461141965800834,51.41986016459032,258.5595949383749,2.9508573483448353,,,,375.28715353482596,1942.9281691920983,793.663167301249,29.79628507869399,41.68728071473038,10.721947767719346,42.48955344516064,106.4638704955075
2008-02-22,57.43274910035776,60.86981197026377,252.8792955195268,2.952758147663354,,,,375.7992184672121,2019.8051757903133,804.9299222068778,13.863842527344556,68.54421306816003,10.037472991072242,46.73205054632817,106.58114735752844
2008-02-29,59.15198970252475,61.28232921868167,258.00980142709113,2.957022440020111,,,,376.4814077475453,2007.0420104893026,811.8382704667088,26.15025726379345,41.321380043937616,9.554764394954343,47.463257064314035,125.31532818783363
2008-03-07,57.293320691395486,60.43955091912975,255.52201600707315,2.946971094711584,202.86673386065627,98.55170774050555,5.9652705201183736,376.72590680983535,2011.114303993206,806.1105599349033,25.42299381865182,43.04447788307627,9.11109509769742,46.96264642416813,100.32390727785491
2008-03-14,59.79992927833242,62.43241095086701,249.55257798647875,2.929035609924886,,,,377.5292611167205,1995.1348328015201,813.325874705027,31.950459781530082,47.79200448245332,8.749147032660018,47.76603310795164,102.83278370567854
2008-03-21,61.14079573228375,62.79740317377248,260.4444394000358,2.910767406459406,,,,377.852479610672,1977.9668099148137,817.5175733662944,35.86939607918943,45.72962904553495,9.164730346209472,49.099792276360574,105.93284545483439
2008-03-28,60.44997740553488,62.572193777761356,259.2813681705827,2.9248648698482023,,,,378.33038832191147,2049.0795741862717,810.8721694481296,19.526518032715323,41.2484836536147,8.958848680172023,47.69895254014315,108.52993153524268
2008-04-04,58.57550593488486,60.75885898664677,262.68462293527523,2.9368430227378326,203.22463576039038,99.24047995235125,6.034868277606952,378.54079501431613,1940.4025251866146,810.2920149875508,44.073657122275456,44.07995961637728,8.517806268875356,47.67608158152857,123.76846257939135
2008-04-11,56.32310447973831,58.19039423757782,265.6857174978674,2.9368605974436086,,,,379.0048298165308,1889.2591157736017,827.7998630018675,36.07747610180692,46.002773281865814,8.477024846817748,46.42757245619976,128.1828772176004
2008-04-18,52.029218351052215,53.562507128901345,275.9471262874607,2.941315445041333,,,,379.39510510717434,1799.9448037208538,825.8748318021288,41.481080702378804,54.08083411285735,8.786723447091545,44.26549310377283,126.77497915360027
2008-04-25,49.41003517361017,51.67915235885569,277.9893040184717,2.9518703115965024,,,,379.7388171409086,1792.2100927842466,829.5616897217616,25.659572231790975,46.275177211156624,8.845753914490036,43.28249085098771,142.29041906936848
2008-05-02,50.50031717201422,52.51335728520729,277.87853912286005,2.9503398435224546,203.54457298343456,99.90892591350628,6.074983199736545,380.37637744957976,1795.652821059279,851.2621638836789,23.673347675343077,39.63445382197345,8.734604411931176,42.688405802541496,129.647567478788
2008-05-09,54.24587610137572,56.109312225764235,274.06759053824527,2.9568243686045768,,,,380.30799624193827,1751.2751419480878,846.1666187919653,30.51286838432585,49.7441033994969,9.708470464739342,43.54673536542925,107.36413264355058
2008-05-16,54.14488411188282,56.65470000537443,280.4767336126382,2.9898807431712857,,,,380.330387163835,1706.150052279075,869.0575779198981,25.12147930967999,30.603330323223197,9.222777482566254,42.97417819443194,103.96342635406052
2008-05-23,56.375336698856465,58.009241482536375,277.49751110753033,2.9737912602593752,,,,380.7789340974469,1767.6942986756424,875.4061958906428,9.553849506106486,41.00424882175888,9.871046109399202,44.49128090754323,105.50404992870045
2008-05-30,58.357629293108296,60.146192483225036,275.99123969087884,2.925921692780201,,,,380.8508432022319,1804.9547254120548,889.1830360672121,23.225957975626866,45.925364806725455,9.874425787928509,45.42191331853944,107.2425548888862
2008-06-06,59.0077131450935,62.09132100691099,275.25426113566704,2.9192124671464734,204.0674305320424,100.6947958543242,6.0985512982756855,380.83449154393304,1829.4784399366415,894.0107495409425,27.241470285240027,41.963903787356884,9.562376734368563,45.35385599354007,110.25216513319367
2008-06-13,55.067630978498904,57.56121347890605,284.8722847387728,2.928360879839155,,,,380.78701742035366,1779.5432643478875,910.2956592742345,38.12213271146848,53.74992350775662,8.95233186530255,43.1585157532118,120.72279400565685
2008-06-20,50.87099294857264,52.89325701114181,294.7069006598098,2.920468905636817,,,,380.5097870259742,1738.6665283709688,925.1397700911856,38.64785745148089,57.22347390809024,9.527999175423187,41.362082152548524,143.60497737844184
2008-06-27,46.288828721156044,48.351243816207656,309.32940474041106,2.896542683460501,,,,380.62399969228716,1717.9217264882461,933.1374854995229,40.06153463318191,63.740007267757896,10.13197524395535,38.90228795357967,105.36527907544412
2008-07-04,44.71513850012094,,320.26437545077727,2.8958592871996256,204.3960714675388,99.46794639487516,6.007192803550905,380.86390324757485,1670.3525876773301,958.41766795498,44.563566189859685,50.36908381597955,10.21587974893898,37.52289042188503,164.78973067351518
2008-07-11,42.4439454999154,44.94757460234972,329.10668172909914,2.9336776550079873,,,,380.4387537689001,1649.8309763995371,954.9829367943433,33.148673170911295,49.76152822989436,10.121513797745848,37.02624862804707,176.9623403657527
2008-07-18,43.82829890745494,45.05323676648873,330.178389211109,2.9457707181083155,,,,379.9492604930877,1615.2644608767891,954.1089025097981,33.63971732959081,43.919309134027465,9.231041789138839,38.24575590422702,229.60233851676492
2008-07-25,40.498447540610705,41.69327739189347,342.45495491816695,2.9098960682471655,,,,379.50874485819,1646.8262151083197,961.0515933588298,28.43286973624963,58.87569337812519,8.439696940204518,35.80375711926362,191.77041283631428
2008-08-01,40.09208183162892,42.42203163272593,349.0190374972565,2.890693936431876,204.44978208572113,99.97901960628212,6.1146298527053435,379.3740432828459,1587.4652082395417,971.2658584092873,48.61236598252246,45.95128492306767,8.18087865354148,35.56789327429907,194.1872232590618
2008-08-08,40.110166856756265,42.5972398733776,361.0871959717789,2.86314687402332,,,,378.8565763686125,1577.9375041275982,975.8535253863639,44.73174404859606,47.38306251126008,7.939666220240943,36.10691470312532,204.59557827675815
2008-08-15,40.359122059334155,42.60565793923919,364.5391572687529,2.8768014251008998,,,,378.5976347109403,1579.4061325267435,975.7523611090674,40.20825935671057,47.01950425784099,7.673214693434178,35.777563157706965,190.82691220673394
2008-08-22,39.49331041050149,42.129290165330566,367.9417567836155,2.9032177249257645,,,,378.21502347320563,1606.3995235862055,992.3587180058576,29.88443157730508,46.7498608216969,7.634065429625394,35.037729840710874,192.6086919934922
2008-08-29,40.35058995269605,41.81100574915758,369.32869026136365,2.915325490611278,,,,378.0532441607319,1594.3316870929254,979.2625881794114,34.3539262985556,44.78557932247863,7.244060730648846,35.46134469648103,199.695439771699
2008-09-05,38.495813092188605,40.18986517399475,375.054939637893,2.930713846554392,205.06172748363753,100.51521148939601,6.149345563894401,377.9984798298816,1572.0973050752873,996.0945586740946,33.60291653973192,48.6122373434018,6.989801819621773,34.7953812815488,210.58753597244646
2008-09-12,36.60984512382783,38.21471493507077,382.4450285518329,2.9305169634764936,,,,377.47708900372095,1569.5928315892252,991.0624884108156,29.85496734636173,49.30221191407942,7.198285143479252,34.43106691724551,244.13868366476623
2008-09-19,36.045912802990856,37.830859193317764,396.72836173801943,2.9444288101049776,,,,377.40540495606734,1561.2278436639303,1004.8282477719771,28.313031013451216,39.88850764515945,6.8129132959877765,34.26593093748246,152.64050437412072
2008-09-26,35.190125489997854,37.30935418486821,396.1171509453158,2.9448795119905293,,,,377.09297867245857,1586.9062735679572,1018.0964737806396,21.066940664676395,41.260203879039274,7.725942136454351,33.446577639533444,193.82088588824294
2008-10-03,34.3561234807504,35.92578685459807,401.62195859074785,2.931736432682273,205.56064892357293,100.85199990709897,6.147996660940013,376.4664455277171,1532.812498095613,1017.235512138025,38.833467754332986,42.89597979406049,7.6813250551635965,33.44338612504182,196.0664910968541
2008-10-10,32.73606990404122,,414.18952097653863,2.924944122945867,,,,375.36544332980696,1530.6186688730888,1023.6559502877391,30.887665664750866,49.598593742803146,7.723517715327359,32.399884313458195,166.52699605552883
2008-10-17,32.01299362374795,33.75663277586143,424.20521056978214,2.9251175836851404,,,,374.88919076352533,1527.7215509334549,,31.04252359439665,43.896612414546496,7.520385425020784,31.188056086155743,224.79988015561293
2008-10-24,32.36386706673682,33.571351009954014,432.85538647673434,2.9514996017996324,,,,374.0766528039722,1541.326508079329,1032.520493221947,22.980452470355164,38.158319988652394,7.920281015051627,31.455029105298916,204.13039106290526
2008-10-31,34.0831071856446,35.01473648009749,437.9581605196968,2.9674890782245185,,,,373.68772829078335,1547.8690558351639,1034.588434510957,21.734857944299257,45.39076813300323,7.380890901166588,32.50904629742443,195.1438067161492
2008-11-07,34.85202054138076,36.36560588688285,432.0841508048094,2.96299064665212,205.4512946039546,101.14783684388362,6.225305490621484,372.89124585522245,1608.799751756271,1056.9797164887457,12.81309848400322,39.83861027630713,7.392371942301906,33.16854740771211,208.366308604442
2008-11-14,34.49440502052558,36.3451658979965,431.3522445480223,2.952344294872832,,,,372.3372844326841,1567.1943297903756,1084.696621406903,34.62203054702405,38.776808010080586,7.789478661131726,33.91688484230358,154.81420821463445
2008-11-21,33.78263699442242,35.43627484865967,438.1230672714717,2.9326418552310383,,,,371.94727239836106,1573.870008213995,1089.2946110242372,29.14984246265987,43.537049393747495,7.949381805312118,33.729072903504445,211.32614009950112
2008-11-28,33.37504045203542,34.535151782341714,444.32951137303513,2.9300015741217167,,,,370.9756157270316,1583.6457127908225,1129.7131599074387,29.261632242730833,42.08333153640249,7.923841224480546,34.18396002120868,215.35496278358139
2008-12-05,33.0770969279033,34.48350623885033,445.51335481863623,2.8989210079249905,206.10739825959328,101.27987745210143,6.221769910235992,370.32128196502435,1628.200575034927,1158.204241742311,28.4721526034988,45.1700627106549,8.415086071703477,33.21053315877773,182.46488617494907
2008-12-12,32.61932144892572,34.40039590989566,449.3154910396383,2.907420500095602,,,,369.57531617335593,1601.2690283077336,1180.9886755160082,40.12152316513074,45.14453623858304,8.280599386155533,33.647415166553884,182.17674015074164
2008-12-19,33.43078242055866,35.27843845607627,459.801358419644,2.9293351146461983,,,,368.57707436221773,1602.9940481786027,1206.304127661989,30.894008042654242,44.883920768744076,7.830920157083609,34.17967742825376,191.75635004069045
2008-12-26,32.528094481419096,34.22777380733653,470.8610680033745,2.943063922602164,,,,367.56782791381147,1573.0865990345726,1233.7990206582053,34.285468966304066,43.77899658379983,7.3052027489187665,33.29380649727244,152.50453605627388
2009-01-02,33.48405478017607,34.79802632797158,478.8150165489775,2.940976002611843,206.34751629124577,101.31743298649353,6.153624050225906,366.62734959077187,1575.7357600642968,1245.956572121779,28.538994576428834,44.401531550637074,7.46789466198274,34.309037940186464,220.72495514513992
2009-01-09,32.04061152506335,33.83556416208011,484.5201917784446,2.910077433914517,,,,365.8542789838839,1595.7867819103978,1257.3862802563485,31.54049478921163,51.916910573143895,7.16666530735078,33.180849252048894,204.97765296677483
2009-01-16,30.745577183282865,32.64749610899017,488.6745318736021,2.917337315701113,,,,364.9162823728056,1603.3633696812255,1258.8081778399724,32.07673552406546,50.07525613357443,6.802690980419274,32.172332252742365,213.97399143675602
2009-01-23,30.881857111904694,32.02563476496926,484.4186479864245,2.9208943615611096,,,,364.0613381306735,1630.7217992049914,1248.2134234169066,27.105061670376816,41.09354598048738,6.913772335090197,32.13350632533292,157.88590710815214
2009-01-30,29.630950519842145,30.592287829221583,487.19402124151674,2.936937173560163,,,,363.4140814154944,1631.2088084450147,1235.8348294026682,28.969745719484585,47.13642374694868,6.4678981770731525,31.46903108675526,275.33451675812506
2009-02-06,29.4778081531215,30.863934033223575,494.2210846571873,2.937705850888072,206.98587660399278,101.23324632947798,6.333616653409862,362.52690937476194,1614.64729309662,1222.798693884594,31.622574702438044,38.84740259860666,5.498705355700227,31.46939840866041,210.22361360472905
2009-02-13,28.748161699628863,30.136139239481626,498.6044030047391,2.9333424930994165,,,,361.8520892741662,1555.403722675186,1249.762878437382,40.52963783330516,43.72420145040885,5.366437040255141,29.912811783818487,151.47004068889063
2009-02-20,29.55617263158681,30.606869530791727,509.36869804139474,2.9442353349991306,,,,360.41171177167706,1589.0356894759914,1273.7326666882816,20.692279727940086,42.838094006978636,5.428052491014464,29.929492522355694,145.66047376159565
2009-02-27,28.75365182002266,29.69985515349387,506.4562634115673,2.9508224763902002,,,,359.2530124392376,1551.4031625325313,1309.218482185455,32.95644670289558,41.90024188422241,5.229056119631004,29.434661735642095,182.03274274496255
2009-03-06,26.350656040450566,27.599705260382247,522.7662404097671,2.9603823773723366,207.1984288335177,101.0652339139294,6.359885092336508,358.31081987564556,1497.5858601184711,1307.6745757268673,34.49267883120892,53.80045894718204,4.885801086759892,27.254195839046677,225.6616457503778
2009-03-13,26.85352174868101,28.18682466558295,522.6650538104985,2.9715731840821356,,,,357.26421888181693,1442.888968208918,1306.2659009013316,32.66308866993743,37.15948541000036,5.1333761168939,27.823268432858626,230.50403116307325
2009-03-20,27.705160988273622,28.982973963257173,520.5194059515229,2.98174097539568,,,,356.37919825941253,1441.056239202806,,20.126225900591276,38.69873521064783,4.8623619996190826,27.564281835274492,182.64306497691706
2009-03-27,28.41041377624822,29.296702419650423,517.0334527577444,2.954394973318166,,,,355.3818419057095,1481.393710896868,1314.4826368784231,16.489125513818625,40.71096678511919,4.691867525470205,27.96008190391632,166.07093642655065
2009-04-03,28.73875474464945,29.646338667407004,520.7845436581617,2.9483054559262327,207.6135244815438,102.61394845049396,6.316193325122955,354.39760885036554,1445.5588342753617,1312.5680222892126,33.40041279668306,38.56411101657868,4.920870142920767,28.027154563049663,109.06018970528851
2009-04-10,28.704914375871077,29.672956276189204,535.5177949253754,2.9588518828677426,,,,353.37193241486204,1388.3591569172513,,36.72169530826696,35.33232400023098,4.967589742790957,27.497710721651284,119.52266595742907
2009-04-17,29.28315806961332,30.42836795705685,534.3148184906289,2.9678804159872616,,,,352.68150878379623,1393.2794111588037,1333.9609643272704,21.778775408742007,38.28110826031289,5.196466787148107,27.559222815453026,121.23812174177598
2009-04-24,29.073801886912378,30.463243904102047,526.2998103882446,2.977747984606999,,,,351.54579343226237,1381.1558312462307,1335.3293644853447,23.48250614062818,34.15227207065306,5.027006504085817,27.72772366934948,118.92306651951841
2009-05-01,30.052243460538595,31.424009471984128,524.9947149200482,2.960410398185675,207.72522774239673,102.28721556179256,6.369848209388749,350.7185093134133,1426.650376628866,1325.3428922183953,14.556283559570808,42.13453642906727,5.133565328434139,27.290211770104392,129.22163642383697
2009-05-08,29.741507100353402,30.391912371915016,518.5339057058922,2.9803357047424583,,,,349.77210028322025,1393.9633893169437,1342.5757353632282,27.664246021143665,34.760460651906975,5.664490720118543,27.284575726986787,100.95827554926892
2009-05-15,29.39470880920613,30.40650086057868,513.7502712726516,3.010926818788257,,,,349.18294968769385,1366.1201890314937,1340.0115931373502,24.974569747260524,33.86148330800182,5.558039697100769,27.15459821798113,107.26152882261556
2009-05-22,29.681854775800034,30.553304542971038,500.2922156350819,2.993963113706993,,,,348.2239085774532,1387.6956011446475,1342.613988470056,14.096246629022525,33.33679092770556,5.521533980342385,27.415140903551144,107.17407348829195
2009-05-29,29.66212766798071,30.647633014235645,497.8367752498338,3.015874510294251,,,,347.3144815902072,1367.4831332182566,1358.3101121454856,23.650105071385696,31.645146188846123,5.498086932542277,26.634577918176184,100.35722923473143
2009-06-05,30.108252389452435,31.151948477878765,498.1146789139279,3.0205637434812505,208.14945854807655,101.78749016679654,6.3339803909724495,346.41559898781,1367.4854858127,1387.557388987197,20.647810379499546,35.71642838099139,5.317466008110623,27.299902549982246,104.5855517530761
2009-06-12,30.41953997216978,31.588715099935662,491.49907058860293,3.0127906356467014,,,,345.7346941808429,1372.4664964478382,1375.0063747958159,18.352332559839738,33.89161355234317,5.033493958122933,27.153511011217265,109.39670372910516
2009-06-19,30.42532574214817,31.334611155400975,491.94110249563477,3.04037391604707,,,,345.0046296765821,1351.4506211281505,1367.8139544647847,29.26218799319904,35.13044506877145,5.029881298583784,26.847028691566432,129.14838630517002
2009-06-26,30.716702363051066,31.782754984005173,482.38559961650793,,,,,344.12154711084804,1319.0265126555284,1395.5810613728709,30.946906059066116,36.537888966958874,5.294157267991424,26.72982523608828,108.91828777109939
2009-07-03,30.152110368801427,31.069962703585297,478.9595121872371,3.038080497762683,208.6858238339374,101.32847394096703,6.359223590135915,343.15720733020873,1330.729918845816,1398.9352730044318,21.888185259446935,39.106876985005954,4.794171110035918,26.41688791869822,121.93611044586933
2009-07-10,28.8238042502792,29.050801924513323,484.86760043487516,3.0327377612907225,,,,342.5669999743233,1266.980678932412,1416.8696528347828,38.388633297514154,44.352632160614334,4.870222386793545,25.77386826200413,100.56371234477315
2009-07-17,29.957055667442116,30.776618944809012,482.0017272282508,3.054701717519345,,,,341.71661363266315,1253.88267457772,1405.4476747481694,31.15766284771542,45.84401207745721,4.903552511370874,26.120287750041737,141.00623990912456
2009-07-24,30.37711555464086,31.669303037818807,478.5732884635406,3.072110978184326,,,,341.066608766081,1247.6820736379607,1395.6624843014645,32.91514857286823,42.6820485582538,4.998074995274406,26.980178710834547,135.5053388234877
2009-07-31,30.15650608199399,31.24969782110745,480.9468797033002,3.0515390593005,,,,340.15832273400315,1250.7572674096407,1384.2806627464213,26.238391674462374,38.254814876339275,4.561428045763984,26.379622707714617,116.16848529227644
2009-08-07,30.526753245420338,30.95313009028829,463.6722109351636,3.0813663957959245,208.97448407514565,100.70152817156767,6.494468840442038,339.68175542732615,1267.3227744947674,1374.3482303465878,29.237625621297823,43.47451364772086,4.835215065677275,26.93499105596665,100.39994831294992
2009-08-14,30.895780449728235,31.808239362329914,452.1002168912708,3.074342932301192,,,,339.4056141729623,1260.7649025651442,1367.6602878107064,32.55342602883405,41.974902644028944,4.888823164336046,27.37187272150567,102.6033823235336
2009-08-21,30.067102144008985,30.52819448162326,448.76057555638084,3.069143748905666,,,,338.74654847909284,1223.6612345958467,1352.5253200618863,37.87413536037484,43.92320456955884,4.688051593887487,26.653018314753126,141.0126376602227
2009-08-28,30.041982827288262,30.75208637805597,456.8091645732786,3.0684969483252575,,,,338.3196021663318,1210.1963158335104,1339.1203335961932,31.77810082240652,37.82298410554634,4.741148853999423,26.375743323034207,109.67349604652236
2009-09-04,29.773911836782375,30.536137437127145,444.01462519613136,3.0511525942048294,209.28402555164823,100.17417253544524,6.459714283070666,337.67053695350535,1232.764791131911,1349.9746092468902,20.176215929453377,37.784765773609784,4.965090833990603,26.109394665587896,105.12913658661572
2009-09-11,29.89717743114955,30.363843320820177,450.04877501014494,3.0339304281104793,,,,337.0142797473542,1259.7296363509215,1367.6768821573764,14.926678978498636,33.854253402068125,4.942706465490655,26.134602739312992,109.66444667415729
2009-09-18,29.64315084639484,30.6833987014372,436.07031645863674,3.0162547597623464,,,,336.2696238622068,1245.7054593173452,1392.021927744092,20.68385242502874,32.09413252140326,5.08878339506651,25.972289467777657,125.40143443402175
2009-09-25,30.855479641399672,32.029225886263305,424.1118675859804,3.0168911362557944,,,,335.84383155948404,1262.2633036886432,1432.7569270952845,13.324027856184017,39.00854445708206,4.750924610882837,26.476223104402457,115.52467559838801
2009-10-02,31.955764821664733,32.28439760954471,416.112399311701,3.021529490045231,209.7005741144019,99.63939551815277,6.460356158931903,335.61227553517494,1296.4890006998303,1439.551086606735,10.264721455456922,38.56891916139157,5.094453641572352,27.02633904128325,123.47155197143653
2009-10-09,31.29455594480439,32.09573625079994,410.836346916168,3.0308835905693754,,,,334.84536290902236,1324.105347711689,,14.179660542579226,36.935067858479265,5.105984763423766,26.015240389646834,124.56240384274658
2009-10-16,31.896588132641938,32.67351950694399,401.0379162891136,3.0553876325879097,,,,334.5040509867707,1320.4559974581211,1443.9811765044508,26.009020664899268,39.64611283622031,4.8220863044744275,25.417954063117662,112.52700193036075
2009-10-23,32.19197362995118,32.7069043814186,392.63814427383335,3.04906511563757,,,,334.1899627157768,1347.1922658715453,1434.9451789188415,18.404623543385807,36.973497898930404,4.635479537169239,25.452909999936182,100.58656180015849
2009-10-30,32.697603126088595,33.003990844797976,383.57809072108284,3.0411937845127563,,,,333.6507548870985,1344.3777447947207,1411.1283736814994,23.719892523889495,37.49027279315865,4.864483158287238,25.6363551833065,107.16085450672774
2009-11-06,32.726509710888365,33.51421596655669,376.03851247149873,3.0523966823836024,209.91002824061746,98.9826005902672,6.547382584964131,332.7468872588437,1384.819822631334,1404.708660445483,16.729841458406284,35.94205649055289,5.117119449096445,25.431779014803343,119.00664075352731
2009-11-13,32.36846193087237,32.75942983684323,375.25780415862073,3.0634495684481773,,,,332.37147885238863,1380.7254977915034,1413.9032088966048,29.18550352821943,39.95167432674077,5.226979463930036,25.079360042381012,102.1638366780263
2009-11-20,32.98845416788414,33.552289171317405,367.9905030972878,3.08746104920936,,,,332.0131628061722,1403.1877556497886,1417.6658197317443,28.5103232420632,45.07513183159536,5.446812198628602,24.651312061967182,107.09456823522504
2009-11-27,32.78829379212702,33.809810959037655,357.8177887697534,3.0841917644918335,,,,331.76547268538684,1440.6396827877184,1419.7661093720476,23.84361140605956,41.169467826700895,5.277681349217302,24.104863287699715,139.8870831935194
2009-12-04,32.085988722587075,32.588342463461615,363.0136789539304,3.1036832266373278,210.47879271546628,98.4839345102667,6.640000562510086,331.5116839978265,1445.3443341895731,1417.184509294839,34.907866116885145,47.354110839827555,4.528435780997938,23.776358694392616,146.89655045776428
2009-12-11,32.54648604795831,32.76537033685971,357.8111749649472,3.0837342070653255,,,,331.5119007030974,1435.7814228198426,1395.656661479641,34.05822890531155,43.179475949191406,4.752090175376033,24.385192451050663,108.75766826402315
2009-12-18,33.45626205807096,34.03331016118638,348.3189642993628,3.089726772094122,,,,331.49803897192066,1436.046226895596,1384.7935071177692,34.02926317631178,47.4550301390412,4.88519330463496,25.296483701181593,101.64819854027552
2009-12-25,34.030623476267685,35.127852978577835,341.9880771901456,3.0787911587199726,,,,331.3473549465454,1431.036528519876,1360.0012093072958,32.88413666065621,43.63530100764135,5.263782115673035,25.898545684955828,104.14708915016348
2010-01-01,34.26598920741984,34.600527167711185,336.8081409725896,3.075844817958234,211.0220459159117,98.02391555644252,6.485728445695313,331.3604747282408,1476.1460636813872,1337.5605133961506,21.63221283601809,40.811619140933864,5.207771568208733,26.447198054943133,106.47111094955415
2010-01-08,34.192795625819,34.927795450300096,341.2142918088915,3.0544476814218724,,,,331.49610862677315,1492.3744254317571,1326.5215332035964,23.179978793927834,36.77716669807547,4.900203940731382,26.60267803266572,102.78101804215368
2010-01-15,33.446573742390655,33.73311699014615,349.1246955558977,3.0689465543068284,,,,331.140769575394,1462.3409539202235,1304.2863325643125,35.678590524445696,43.240852920808976,4.903235988816615,26.2854121650466,104.70283237868628
2010-01-22,33.52356509855574,33.872423741677956,341.33420443001665,3.0815155021177136,,,,331.4597005789955,1460.081799260617,1290.1514169040609,32.626578812942995,40.61434301275866,4.7765836246984295,25.62742322939453,121.99979792479027
2010-01-29,33.78827038514266,33.690018358596795,333.23125504747304,3.1000557534510516,,,,331.6913835353608,1419.9112310164926,1273.512148333218,43.80517924817012,44.02081723115116,4.613808493939766,25.084751752281726,116.95445303341751
2010-02-05,34.271714215010995,34.91328618964167,332.92578251931724,3.076212290944771,211.13580896025348,97.52256126256295,6.642689685387112,331.78713908668783,1441.1344245569862,1289.6841302790608,25.613240867671163,41.834870492949804,4.504186262741692,25.065475514433665,119.38045402823913
2010-02-12,34.12300500121739,34.80404920658991,330.3185642985272,3.0820277185170766,,,,331.4750291516205,1462.051660256591,1285.7385692815114,26.85284220872501,40.407265370731544,4.6260771727419545,24.931623288633777,120.92684921019259
2010-02-19,34.375474343738425,34.45759147484044,326.2374220366891,3.091089398937107,,,,331.6501507718808,1404.8194530025914,1282.8695571615663,45.42292221694494,42.58397810107736,4.543990679251794,24.57596500337694,108.51397902435968
2010-02-26,34.74204483577408,35.06088437707614,318.0876184558188,3.107069079863419,,,,331.5866647796079,1476.0077890122893,1282.8068601332675,21.36194235507673,45.12800231018989,4.4161665122242955,24.96200347295161,101.89159291750448
2010-03-05,34.578406473999856,34.35808705350135,317.2236136813691,3.103494176756415,211.45447122042174,97.1942623767536,6.541998724810663,332.06984972793725,1493.8659913464414,1289.797148681754,32.149608237170824,43.54368425989852,4.42612393822532,25.127840628252404,117.39185259401107
2010-03-12,35.68950148495401,36.247632479479165,306.21725834414895,3.0975180943731657,,,,332.30226412756934,1517.865402748585,1267.8055847256328,29.543342725605658,48.50773100585907,4.405627840724724,25.186878311437788,109.75566156065807
2010-03-19,30.39535646632804,30.62152148531399,307.9945559429738,3.0869432241766903,,,,332.6716268139613,1430.706150810326,1254.9760494121165,50.271258834902284,75.67814306430242,4.312484149554217,23.0149464249801,126.30878151353917
2010-03-26,29.675767998784245,29.368836107445592,302.918785708715,3.093011234941104,,,,333.04468751983586,1458.9719771705268,1246.0629225855912,27.808280291624385,46.38929211832763,4.110017740075375,23.272518805167707,133.16947634283488
2010-04-02,29.714259713582734,29.97558073039537,301.7820043214185,3.089636633411115,211.69313955300694,96.94121696011331,6.637782409575207,333.4255998370101,1524.7905862958949,1255.6274788909818,19.533696406884683,40.79930620410604,3.9315264599835045,22.958400923306797,107.10173006466049
2010-04-09,29.299028986596447,29.560889122140594,297.4711549688246,3.100047033962762,,,,333.6963925906831,1541.521267827528,1231.1654645255976,31.28535523196598,44.8020968567852,4.19851588565337,22.297534790822912,103.77365100308775
2010-04-16,32.13943482218663,32.25686337585043,293.3954780194689,3.1121309715032965,,,,334.2390093470548,1597.9606258554516,1206.5221596419017,26.175071621096546,63.664870919976195,4.105674378762164,23.34383165195724,129.96210737864678
2010-04-23,34.257100007816994,34.25603283873597,289.89745054396616,3.0951409455899777,,,,334.87981177948353,1580.718399043994,1183.4612126550903,37.03426381366219,55.224634560913024,4.362884272718305,24.258127202529806,119.99628468655821
2010-04-30,33.74378897089885,34.59709531368066,288.6299561136436,3.069095005503632,,,,335.5829136426693,1588.3218072437562,1191.7332926787435,27.21506525683688,41.09120053780144,4.24823425445234,24.584917253270653,115.76618036270453
2010-05-07,35.208591401718486,35.660384528491626,286.02271953181815,3.0595122361816816,212.11837263919335,96.74253580434568,6.72855957063531,336.08660403821466,1616.4692244681805,1175.3449129264388,21.191815505574446,45.65642776330164,3.8799122560965866,25.33190956885996,103.11906412645955
2010-05-14,35.140218140663904,36.01986358572286,283.45947251129974,3.067150771408045,,,,336.7170228787068,1620.1021715185436,1170.6588185028208,26.70044398985439,37.34359392511906,3.699659305848455,25.70843010589052,148.9088021722222
2010-05-21,34.551018853441974,34.48450224191732,286.48891566252547,3.057238321556567,,,,337.5259500699084,1614.6522873862118,1170.923133545444,26.90799787494506,39.6514503353218,,25.844104075534023,139.8917774258882
2010-05-28,36.14091257120808,37.11295344817183,283.18426085026147,3.047112364075767,,,,338.6463934232322,1627.849424309282,1178.825680792811,21.465750759437853,44.502664579201536,3.839412670059293,27.06362035952153,106.94698641533802
2010-06-04,35.03746336088689,35.69843110114726,280.77114476266314,3.051548406348113,212.84166751497116,96.68456991989507,6.663370703343653,339.1662565475425,1662.2076571952311,1170.6740602579,18.106668010301743,41.73683712792233,3.9855053330592436,26.40135206359996,109.55408282732165
2010-06-11,32.64515391693542,32.35743669719618,284.52062351882176,3.045286703848321,,,,339.57303079083067,1626.5203914142912,1166.8262980937598,30.11477851681183,49.961179170479866,3.9519978075799784,24.999651296425,115.38310884323894
2010-06-18,30.73192966751799,30.824020647885543,291.1420688103,3.066593965951247,,,,340.16626518202196,1653.832693686552,1161.592466791256,22.343489640918836,50.17954868162767,3.9556583582062768,24.34627116104831,138.81851209102723
2010-06-25,30.93384356003943,31.50823269137731,283.8686497519741,3.0590357920957203,,,,340.6773452079329,1664.1324351661824,1155.4653859811406,23.436467139322843,36.973384770709266,3.9459396884568028,24.713254066667837,102.56348751153998
2010-07-02,29.363872190222136,29.071661811857016,280.62388490315675,3.0767807714583273,213.05299859282326,96.72003917379719,6.742424008620247,341.49623081958936,1665.5264922466288,1179.5676714362564,28.840044607019713,49.51970256274649,4.213390538423161,24.3133405101667,123.20653447295746
2010-07-09,30.17194776680034,30.393626861941282,278.651095360003,3.0891965473481022,,,,342.45061883018917,1675.9309345600454,1167.8575644655107,29.71463797155066,45.69438327327631,3.8513210852082183,24.622399683279426,101.55135974241036
2010-07-16,30.638159351631746,31.028617766583007,275.52208069897546,3.083120914530481,,,,343.3373705457277,1675.869797688613,1156.5036612521517,29.71356034472595,41.84181584676846,3.8720910987094257,25.398317515986566,119.28606072682945
2010-07-23,30.34469756614847,30.944261866532013,274.22046093430214,3.097969125328347,,,,343.99784152449257,1710.282182398686,1146.9085041404492,26.697995600320024,42.647927961729465,3.7507213546479417,25.24357094584126,124.77068827676041
2010-07-30,30.432890466260424,30.903227137750463,275.48476337715346,3.0900399982856066,,,,345.121033234221,1715.0230128607752,1149.3718540411217,30.88281622196068,40.447309360126674,3.68525525246959,25.041616965295958,121.9553184161753
2010-08-06,33.43959629633672,33.801084041066666,270.69225040442717,3.089166611232041,213.53888674100978,96.89715871994287,6.7642398885790955,346.1234204202814,1762.8816681036435,1138.1859823677023,23.20070347135721,60.36614795426859,3.5298338459142915,26.5154621117485,127.19547440045815
2010-08-13,32.98955085192005,33.18088603542584,269.29132803010833,,,,,346.7305581785723,1768.9997461430457,1124.5410296405344,30.29906015285566,42.53990407101166,3.715575765431436,25.861913310125573,115.43693995671335
2010-08-20,33.40037900743831,33.81600842336328,263.14587362167936,3.0748255622720735,,,,347.58775868208903,1756.0055938584533,1117.8738547372086,30.32484764189696,40.131516515503115,3.627101545623523,26.729581302814736,121.8868667048996
2010-08-27,33.68766441726458,34.437748771876684,265.0636106213063,3.0563551776895883,,,,348.39241879252955,1712.165785773768,1095.31564798454,31.668221943865234,36.60648658891873,3.447488003289878,26.56411284824234,135.43209799191348
2010-09-03,33.04581072332445,34.09113934236286,265.43189857341576,3.0463621658156868,213.86752762707488,97.14330469709293,6.825988962582404,349.57789998302115,1773.7807266006525,1072.432637160884,11.947924432918422,37.93490587054283,3.31312151728745,26.772081351595858,128.77852787952418
2010-09-10,34.676867528452135,35.345147197059106,268.6698014545165,3.067115180574338,,,,350.10531457172556,1724.177026181331,1075.6271386003762,35.03261667868912,46.948224526986714,2.948737338394878,27.81827784779809,109.12856536200758
2010-09-17,34.44280469329894,35.041630100284785,266.5936246762497,3.065105568112536,,,,350.56403649230634,1754.7864917363486,1080.3611581606788,20.56665742044165,37.387236103854995,2.961436232140377,28.051715388519188,128.64522967466127
2010-09-24,34.27168991759437,35.163767137734474,265.2523842973633,3.06653427858397,,,,351.29465845453313,1765.2982660979485,1048.4548339916162,24.333049209607204,37.17889677065282,2.8740365562003767,27.291360316791298,137.30927926589194
2010-10-01,34.75999823987937,35.94739766773416,259.3742836776988,3.0968041149611434,214.07413108682644,97.47819130124628,6.776902582912023,351.88979637887013,1816.4286642407374,1020.6991256317598,23.101632565729677,42.890754856646666,2.556890619305314,27.952468262286942,123.0858252321579
2010-10-08,356.96743081301213,35.45318112455689,261.8330312584991,3.084509970063683,,,,353.0027193498611,1857.544535970001,1002.5084288347272,22.604071423500613,44.06296717883931,2.524721104995191,28.34548823484245,117.1611288189405
2010-10-15,35.97593547181495,36.76767309848896,260.9790799089272,3.1013570112254896,,,,353.92157048042367,1866.611211970974,977.164193981633,31.185120664422875,42.144548848640675,2.5168654289066192,28.150202531856724,102.0955438158045
2010-10-22,35.35924242343489,35.80638179795932,259.9939929486921,3.0906308347751774,,,,354.8812530140094,1813.8981564672508,965.7529098703224,39.36953978318917,42.987645230069845,2.4543056120378326,27.331845089124478,114.50541003329974
2010-10-29,32.1706099262812,32.49070266588563,264.23104104293714,3.0908187498991233,,,,355.7809855046374,1822.9723458388023,965.9837197462386,29.859356552222067,60.36236086760097,2.401555176476833,26.17305971334735,119.71356516557441
2010-11-05,32.17887600192484,33.022817532480126,259.7686042078307,3.106931166329031,214.7727617943432,98.01222999477062,6.865792550665194,356.86347778914853,1822.2220176867513,947.3528834585951,34.359936548751776,41.54747551100509,2.5518063731809675,26.133878063517546,105.61051167584829
2010-11-12,32.488538181185795,33.00867242001481,256.1787731794988,3.099649415742184,,,,357.37073123098793,1826.0412195858673,940.6394456451087,32.7771629706107,43.04382224738783,2.5262576142050466,26.080102756548023,103.5600312965641
2010-11-19,33.17305344515046,33.46090867791469,251.9320725206947,3.091011566481805,,,,358.2245283083186,1838.4655385225878,923.1165290993193,29.279690157483746,44.12976484710706,2.644610996946967,26.202542932791424,109.58695992515592
2010-11-26,35.823977560514614,36.87067197042111,252.76238916640486,3.101705237011852,,,,359.24822234943304,1862.9899883625583,921.1524499895503,29.496305040614704,57.89465478657583,2.76668545902562,27.44302215886269,128.68877755653367
2010-12-03,34.45350468430496,34.99330826697104,254.24070962087848,3.105980949212676,215.0924606851713,98.52180950377151,6.824078663090122,359.9412753177004,1853.0817203528532,912.3799665843683,35.5348000662793,49.871475352556885,2.738110970406255,27.67839149546979,112.6137026578892
2010-12-10,36.007787041827136,37.11921708326103,253.00989444966885,3.107986632525516,,,,360.8138301751529,1862.4288831920528,917.4318622706326,32.620609433631245,51.12741677252476,2.6739938826456116,28.871457480160167,127.06520938716497
2010-12-17,36.181149474040026,36.99068504300457,252.44902020695199,3.0975459020176674,,,,361.8395420578037,1828.5908090722244,906.8982445092199,37.845076942666395,41.28621096763489,2.8503270222748793,28.524198183694086,103.87172827807977
2010-12-24,34.876636980304255,35.74626601015988,255.45724652008457,3.101811177870888,,,,362.97479655229733,1807.951631920923,891.9957356582405,36.91724079288106,49.08657433241241,3.1163368087118664,28.04935524113126,113.66325979772213
2010-12-31,31.691121281521266,32.431462248045534,263.17325896693654,3.0934905734097904,,,,364.0826859114139,1749.4233969757017,866.5469567813946,41.919206371345,61.10288837889529,3.054438238121542,27.100824189219278,120.2384272082671
2011-01-07,32.11350087062782,33.055965934373184,260.3420659510205,3.1071938856344237,215.29706274813526,99.24508730666527,6.908232873566455,364.866063724315,1746.6697638581645,871.9051185061236,35.59613063549527,44.99516196796788,3.010431525762529,27.415523879886535,100.37904989261078
2011-01-14,31.6548302907144,32.68222701338486,256.0812582505109,3.081971152799773,,,,365.8719533538884,1817.871455283436,862.1266687393876,18.294169696131924,42.018711442565106,2.962712653756512,27.37821868843519,121.81389209214245
2011-01-21,31.57364640826395,32.81104069588179,257.73566236648054,3.078935425569771,,,,366.76018418477656,1857.9660280129394,849.8920055639195,23.131782792048885,39.016019087499,3.049021736726243,27.34485703681891,123.30981523154885
2011-01-28,31.862038282868866,32.74569600724976,259.7023001621614,3.0734949975465584,,,,367.24133660951,1844.1621050589774,836.3568693608817,30.69163999637956,39.63664063342692,3.0616041665318114,27.89911377077731,112.41923649165673
2011-02-04,34.77458261304491,35.993537236328244,254.0198798148541,3.04894961229688,215.52786551615708,99.87839835909787,6.893881545716135,368.190303178824,1916.953164163547,832.8229706916621,12.426741610271215,53.937281755363635,3.067466063503912,29.30984842570851,101.97455780628468
2011-02-11,34.787542182090725,35.749806412587716,260.2390449140832,3.068149531573347,,,,368.77157329273064,1986.8132208683712,815.0721783862565,16.94410779233508,37.20369677885165,3.321045039809247,29.379658174547295,140.06783472814482
2011-02-18,37.15712467847108,38.49138894867722,259.46477667595803,3.0764955129493265,,,,369.82480007907765,1982.4291519150072,804.2246931637719,29.549893978588265,52.42195454327849,3.4290496857988026,30.717594781429693,129.1152419575227
2011-02-25,36.81111931441342,38.33587395622252,257.8556982470505,3.059350101617398,,,,370.5092690429512,2018.7510042725587,795.5134908262322,19.940635044144845,37.64986448068515,3.2333077151966334,30.251671171007967,115.60007677798136
2011-03-04,36.57944324842962,37.69578900302866,258.9008791986683,3.067558367891864,216.05549256096242,100.546235354037,6.976873322939202,371.0272554761533,2022.4789477855552,789.5567164356271,27.01814843841531,38.43673376901406,3.0963125863449963,30.60158913095625,108.76130197144451
2011-03-11,35.44383029933095,36.754093209025086,255.19296262488194,3.0854603140868484,,,,371.64542923402036,2032.3013317066534,781.9386232010328,29.46730424420943,46.21869573359559,2.7945221502901716,30.05247830429294,100.00049114587897
2011-03-18,39.25582016285717,40.283983857713245,250.37739404972487,3.0704630111631266,,,,372.5864055928648,2097.2412346931337,766.6651581365375,18.325325571056524,59.64745891532317,3.0275411213345063,32.312458147705684,123.59799453621542
2011-03-25,38.55088451091719,39.56145708058119,247.86214238882337,3.039802991216158,,,,373.08624695049286,2089.122065521333,774.8573721485784,23.358012942182466,37.449449453641144,2.937231053219486,32.41697255737166,119.05071680749612
2011-04-01,36.73563560415373,38.429787960081576,252.14859730713033,3.0247517922696847,216.28455892087484,101.2347124105952,6.912474494385616,373.69899592803085,2083.800832937435,765.1113416167356,19.997802286420715,42.09944996742398,2.775597696550587,31.407334512767434,109.5052467816139
2011-04-08,37.1215061068731,38.97776800010553,248.10787395980302,3.0212502944478867,,,,373.90090928743524,2120.3641962304064,750.7954995444084,13.793988999841648,33.640346257772094,2.6266844022541154,31.736322813290236,120.29799124205839
2011-04-15,37.40575403319185,39.30048732509323,246.1919510520342,3.0302096488885146,,,,374.3911283840814,2135.5471177829195,755.419430439007,18.93595162547505,34.395810299991886,2.6106640710516578,31.276566443596735,122.18485522480009
2011-04-22,36.777076832520294,38.12893502243296,250.6189374207787,3.0115184834720496,,,,374.7863730053452,2138.5667255107182,760.1536384463175,16.915263865753168,33.95506132470054,2.534888269380502,30.991552742838802,120.78949320277042
2011-04-29,38.25921722912267,40.301184640091634,252.6326397326307,3.0092439694954938,,,,374.91995820086277,2171.8510966598633,751.4341317765724,13.16632236452053,39.22516207645523,2.65047456594736,30.891634293871117,130.33593128188312
2011-05-06,38.84864024580282,39.73540506896576,247.89104056688447,3.0076586804376357,216.92420611461915,102.10241778025723,6.9332554936613695,375.1578026130016,2176.8900944993966,749.7488878218583,17.08804265306656,33.88567129678934,2.7522566243131212,31.618226596198618,130.04069076951313
2011-05-13,41.733289043094544,44.504134531394854,249.89907619969242,3.012298270839165,,,,375.6073669528365,2174.375797116537,749.0760036344437,17.66124372627375,45.96742380758393,2.7282603124759834,32.70013383691546,107.44234742538967
2011-05-20,41.700536844712936,43.765432427150536,247.1085006039309,3.037991958087166,,,,376.29141660118944,2194.8701483151067,759.8712255950653,20.263692264882465,34.22476883359659,2.670329911056485,32.75535275640425,115.42542437942693
2011-05-27,40.98851424582654,43.124394472525665,245.21304390167802,3.051286741037466,,,,376.6953839582095,2142.7166389009435,749.9965886454012,33.64524632390636,40.07601522106204,3.0722641586890367,32.243109044346234,132.26011087675403
2011-06-03,41.08997004480582,42.500965739287444,242.1336954342678,3.0476888987127473,217.5363647619542,102.78458926324161,6.995763311905318,376.9503819184734,2086.6565800474345,748.5316281238388,33.616841954971825,36.31948756676408,3.427269703859632,32.07991695490755,107.72214833540382
2011-06-10,41.87873214826857,43.28250221810284,244.0700521844422,3.0189700581151864,,,,376.915566456329,2072.666198891945,748.4403496680738,22.28040043939872,36.357906706758754,3.3342287060328957,32.633312351591776,106.83517788709919
2011-06-17,39.389221544942934,40.73973472934612,241.5486472563879,3.0324881986173025,,,,377.3679432015003,2014.751089296433,752.0240644739507,32.154675169151886,47.91798667603631,3.439048664555407,31.19667884249399,102.29520386692441
2011-06-24,39.53467121060886,41.230618449057395,244.70676448738448,3.014743654585439,,,,377.4898344558736,2006.5103729853404,741.0523672884333,20.978693380229,32.64362806754152,3.194952478833746,31.288883272861558,101.95702724215622
2011-07-01,39.935757641915565,41.850104315016786,239.35226629302036,3.019150130278089,217.43618858043516,103.44066814730657,7.063656368705838,377.87583443047083,1956.1732730993158,741.7549817166947,28.232349069565977,34.62754155426508,3.3459075754686713,31.549548952916066,101.31091440930228
2011-07-08,46.00614488890527,47.74600689936032,230.06662925751885,2.9964077345184936,,,,378.00726672412696,2045.2252205369628,745.5207183648994,9.0,61.14209013232092,3.4313453127428777,34.013579925969616,129.9683627958463
2011-07-15,46.12722236258898,48.44773921431051,237.2448346154384,3.003647329055673,,,,377.9435617285853,2007.6621150207432,756.4718970714616,24.12960781236561,31.62390066876993,3.4982768118004035,33.301930575306415,130.80828126472778
2011-07-22,46.8320770614525,49.75280601199246,237.28031409175986,2.991189202568697,,,,377.9635020244586,2019.0739952825224,764.655895310726,16.72069673737185,34.28373224443141,3.5293920703382335,33.696636216703155,106.59534612524688
2011-07-29,46.32606493516056,48.77500573811147,237.5910927380068,2.9840095026857925,,,,377.8482776591338,2067.183359678728,768.7827040271212,12.840572431759995,34.32664297821216,3.504467924653392,33.70374767912597,118.83176822222705
2011-08-05,49.95806617818239,52.01730706518837,235.67562374015102,2.9828766391833605,218.0181862158613,104.20342780637696,7.0591098462954225,377.42430213034186,2100.039006159606,755.5928108545684,15.835388741184477,48.982807008749816,3.7407788201381966,34.84661532913901,116.15501809594238
2011-08-12,53.724658052864676,56.04214387673525,234.60514265259366,3.0020187573194286,,,,377.3994041312357,2173.0894311394422,749.3349891208763,9.0,46.3771060732386,3.6606342777384278,35.41388084308259,101.60853705605533
2011-08-19,60.497251312580914,62.78437354344173,232.67362632777787,3.00831555588247,,,,377.09818764681484,2203.758016411254,757.1398090985313,12.985450175475814,56.24616846323809,3.4980396550343347,37.573042339743544,106.20657665251927
2011-08-26,60.048762882117266,63.246932672398536,232.89342828267064,,,,,377.58388792201424,2188.5560005631737,764.1770160205368,21.825644408423933,33.46968752629819,3.8693251988585127,36.75228961342718,105.7911092416508
2011-09-02,54.970188287429984,57.47222611895632,237.20713367050234,3.0026383281932945,218.1751502554171,104.75250119690733,7.065488723904191,377.1501654375537,2202.8728959497953,780.1720252792331,15.312586863170779,49.61964552090016,3.6907505161666263,36.12864047454531,131.76238132134702
2011-09-09,57.11480883989699,60.00931232311627,235.382997183601,2.9896219522014182,,,,376.6456945395399,2251.0973276673417,785.0125594041407,13.430239877346697,40.37117909122984,3.673177071598138,36.25111147982735,111.07966411324878
2011-09-16,59.48317822769094,62.2427784382616,234.0086221759785,3.002020611841101,,,,376.4002640659589,2239.2188592779007,770.0636182866045,19.087416692173825,39.27209445105708,3.8320368403187217,36.49536834926789,114.27435481978806
2011-09-23,61.30531793020407,64.65346186231731,228.0910279969171,2.976659306336952,,,,376.4426229820173,2215.69105497582,775.1243390408802,25.767725010584456,40.37067077165982,3.747756947773033,36.653626027116005,106.93066697865221
2011-09-30,60.26006109489726,63.916105795113246,233.05447294721614,2.9562104198380252,,,,376.19080889280525,2219.0077145404225,777.7594737559702,25.646778146229746,39.84702387568854,3.9112085898480036,36.34143542970955,106.69193332058198
2011-10-07,61.6836031143802,64.92707514774118,234.02870465593077,2.98699607528428,219.12727462702964,105.34426363082974,7.085145550152479,375.93526550741706,2164.168005266132,787.3387405907425,27.488650694657924,37.12429974737035,4.226621463068552,36.515585759654606,114.35394906310827
2011-10-14,68.24861507686461,72.0156715077046,230.46593363367816,3.0099963927717965,,,,375.5318606489745,2199.097052083607,792.4681910243231,13.462890781386154,53.09467694508709,3.935471846219625,39.02961508090905,127.06105181164719
2011-10-21,69.98622124125865,73.0063934640616,223.20245905218565,2.9930799797538823,,,,374.8657729628719,2160.8952761733517,786.9929833512062,25.153380694036215,37.46181427728763,3.7368016393223504,38.44123819124554,110.25035890724186
2011-10-28,72.99381161509942,77.06481443166922,218.80352983293946,3.020392431861747,,,,374.46968563966504,2144.0039250811396,776.7448990416884,20.936885498640173,40.31186402990465,3.816621641421113,39.2542746108827,115.77835351174679
2011-11-04,73.53890468137327,77.70782233548987,216.6723457802094,3.0327555197168112,219.10999198317043,105.73068497559365,7.173697968963956,373.68993583011365,2097.894945527645,763.7948872392518,26.633034679641007,33.71067696235246,3.741777023475049,38.980840575569914,108.95352655045278
2011-11-11,74.12948372864876,77.78777678472201,216.68855111437196,3.0410707075329464,,,,373.3582175984561,2078.663817943641,758.2823726716831,24.57581250740141,34.96844085355875,3.787754809279985,38.920523419713064,102.22170304704323
2011-11-18,75.23520853537917,77.97946436871062,215.1092397479187,3.061176857089645,,,,373.04109017540395,2055.7606026731723,742.8387308867274,30.009333598236545,39.71432580254806,3.5931741321035484,39.48671037007087,108.3254660220937
2011-11-25,74.19917098152436,77.7556338475662,212.181844714413,3.0658306568829365,,,,372.5346638307941,2036.5296513688745,740.3996419261086,30.33027704580748,40.05770785246553,3.4658914116445305,39.49019508056857,104.46761762959993
2011-12-02,74.37924084571021,76.74568034195886,210.2044601957298,3.068989880536451,219.79659966507344,106.03181474816175,7.106491673969376,371.87037535373713,2073.7445054235673,737.4241604371275,22.13923944030455,37.581159645679726,3.3412932048107438,40.3693357290767,124.17360834883235
2011-12-09,75.63476437106371,79.63018656470902,200.94228155759833,3.0953389031874594,,,,371.10848488189833,2094.8415448044248,735.7713661881903,30.010455267295498,44.380648536593945,3.5173571830644557,41.29719244087413,117.29871101316948
2011-12-16,75.02635658062944,77.84861388795277,196.78003127489777,3.073313894366078,,,,370.78484732542483,2101.575884195043,749.5515922497209,27.8888171323846,39.67796635005799,3.8571269637096006,41.003846682847616,101.80959657222078
2011-12-23,73.2501948755607,76.93338753593866,195.46198336615657,3.036184193829533,,,,369.77868438937395,2069.112749958257,746.6926963100057,26.146968780236985,38.25534495827133,4.063323269844415,39.57513833973189,100.10470416173914
2011-12-30,73.46878813141885,77.54061418157555,192.1313514925676,3.046990849881099,,,,369.09551741048347,2079.635858447223,752.9301034423154,21.486822459631917,34.661345020810536,4.300014928617764,38.99681419259607,124.5324682071492
2012-01-06,72.4267073238797,76.70798752124031,195.38240183756096,3.008536308369526,219.83582031755975,106.28053030203918,7.249808582490965,368.44737754554876,2093.2937795100147,747.4016850540128,16.313018824485074,33.99403027535451,4.304314642175043,38.85153625903811,102.45777450910677
2012-01-13,76.82231102829245,81.48433816621994,195.0648558929397,3.0391950580042875,,,,367.4386747395351,2026.2941735200834,752.8048377718326,31.651009357838525,46.22369676324519,4.576407015898399,39.764040183159295,120.6095692624023
2012-01-20,75.80047946448838,79.94820656727065,188.77482651085737,3.0435758741915357,,,,366.47133892501625,2010.0045950517367,740.4439138728618,24.849833136596025,36.56481222055415,5.077740847703955,38.77944265759338,111.22930055566565
2012-01-27,77.28379812286406,81.45572725976655,191.2057418953003,3.0289230920766688,,,,365.828242255358,1982.719116811558,731.7049598661798,23.96229838447127,36.17150741921998,5.244274706059134,39.541143090088624,110.56418225305664
2012-02-03,79.97045525582043,82.9690738500212,196.12826380653865,3.040195536182892,220.1783829903989,106.37392053574412,7.1177453523813385,365.2371769073861,2001.714538333938,737.660335261189,18.745942141891362,40.588981740002474,5.594263282918215,40.286552761591494,102.14668952815121
2012-02-10,77.50389385292756,80.31744316458793,194.65018155338504,3.035235242272602,,,,364.31797577652304,1989.862651099502,740.9787836832694,21.899751900420686,38.97120546779784,5.5991845058255585,38.86843632103958,108.11154512001929
2012-02-17,76.61866067583209,79.84672089148168,195.36409997804003,3.0485495371786033,,,,363.1041062775968,2059.952154612217,736.887024377355,11.989704952708628,36.110485515468156,5.490786579367996,39.098002077968836,102.18931436918575
2012-02-24,72.13776400982505,75.53952179209851,196.57185208388185,3.046185876080932,,,,361.777490718519,2039.2208527794087,737.91374437477,24.498111878731432,46.233605348823836,5.411343239560585,37.75003650311659,115.58164750348452
2012-03-02,72.05472902415545,74.75145399268762,198.03549203689508,3.0449841671136486,220.47021816710924,106.37296640985487,7.263581290591957,361.153664575799,2072.8082494023465,728.7740305515524,15.671225201781766,32.634835488624475,5.234283286289527,38.21178920249463,117.40424903314741
2012-03-09,72.68014446768296,74.59229565887499,202.70492890581485,3.0447544533620157,,,,360.25125416842155,2047.6509182231443,715.6853900143955,24.141255262633052,34.219919977812246,5.144223152804564,38.73667157931188,142.28241293805286
2012-03-16,69.71968971882258,71.73621214271931,201.68822067784492,3.0453619469998765,,,,359.4132471609948,2029.7257624665679,717.0662645422266,23.9685207056971,42.03597168655658,5.452337142600008,37.897240427747505,119.93382395299243
2012-03-23,69.05707956438233,73.83055802891016,199.6089866648416,3.0573447545777253,,,,358.00013052588764,2051.5229146461384,724.175391134238,20.770480537914498,36.7508567552298,5.817571166548966,38.10740462289973,113.30710370375938
2012-03-30,74.81129661362132,77.15161912512579,197.26979377449229,3.063415531830303,,,,356.9878332865792,2005.3849310396874,714.6107014693474,31.108984408774106,52.46452360541379,5.719762034626687,39.059253059621874,123.28556201996884
2012-04-06,74.48708838375786,77.01865357865098,199.3463442595381,3.057401298295274,220.94342982121572,106.24222432946189,7.325802271259259,355.59241327823264,2012.5241853616117,712.8716904128215,21.313872351367664,34.5421403887794,5.563080453586705,39.42745672445825,122.19300332353147
2012-04-13,76.31211989555781,79.07662255445452,199.62245935219946,3.07892669858098,,,,354.97576640320307,1957.50616103452,718.7800273767104,34.69824798051586,41.580455275203704,5.930498224864784,39.523410494583295,121.8128538688281
2012-04-20,77.04447306401714,79.81483815066453,199.38119839004634,3.061953689326675,,,,354.15363632690526,1997.2253012707856,715.0852485890961,17.945249032252626,36.748912765038284,6.032118935815687,40.40888149584842,111.29887124206729
2012-04-27,77.09218644701122,79.16533361767976,195.88664500062276,3.07397115840679,,,,352.9162758666832,1907.5787551544076,698.5253868620968,39.83745635995,36.17635449482638,6.014507157974844,40.24619726678153,108.06839906261015
2012-05-04,76.34386906152922,79.71631750488191,194.8432897652602,,221.32468856905703,106.03930505589615,7.307209158304171,351.4417325044191,1912.7779867469144,682.1768604495483,21.14143649552036,35.45125427137304,5.8436682641032585,40.58998032707312,140.6672608364496
2012-05-11,74.7385149738078,76.67403233489316,194.65587262123321,,,,,350.866220217223,1906.3038807939124,679.444136864157,20.753148008060407,36.49949633479028,5.863457214425087,39.52485765360021,101.67125432273768
2012-05-18,76.22529391391194,78.31814326722998,194.0470576451269,3.027220767349538,,,,349.6977115536312,1946.667472965248,668.7305245209245,11.269163415570864,34.703496192597804,6.075169577805796,40.56438862564267,120.9607065341944
2012-05-25,73.07293840004934,76.24634947907037,193.92772359793088,3.035449827748509,,,,349.0580496140418,1957.837256175403,670.6717988108978,16.23355655797182,39.925092942498175,6.026681292077821,40.5114589132923,126.9445489798701
2012-06-01,72.88610840909429,74.98959568603019,197.0619108104497,3.0445488186437375,222.07768526138923,105.75608742494107,7.350000817671767,348.652827451747,2003.4045292274689,665.4890490312739,12.764070940312465,32.340769806668504,6.059848858227872,40.345019768240434,126.71043152157273
2012-06-08,72.83378480820886,74.67459343237466,191.62651172735653,3.0606851258615797,,,,347.6856235638879,1976.9095201379175,654.6392154678583,26.971674386961833,34.14312939410105,6.111962422763295,39.72747088073264,114.1520657124547
2012-06-15,71.38248076542176,73.18346411597183,191.5379502050566,3.065265876290597,,,,347.25313640734544,1970.5353533725495,655.7345309645116,24.361497897173688,38.68980125949778,5.665129370372516,39.51633464537194,128.09198840192354
2012-06-22,72.06620168067846,73.73801952512754,189.562430128378,3.0642592744955164,,,,346.55768611046705,1998.473832742802,659.3058383504839,19.118320817876587,36.325115602844605,6.620937280590281,40.25433154148109,122.15404961583005
2012-06-29,66.99687373224928,69.80387330694414,186.0900902925208,3.0688523722329517,,,,345.33572270193343,1986.892593204288,651.3889806477234,26.14241469403867,50.97918896102792,6.572068798410356,37.84774604764823,106.29066051551881
2012-07-06,68.33981274382789,69.84299684823604,183.62519104432417,3.08995070965543,221.88951172171065,105.30238141896925,7.3549870520804275,344.1637662880679,2007.890492693274,653.2938250690206,25.448302790960557,42.10099414177804,6.258461351957499,37.634167184725754,108.0601587733594
2012-07-13,68.45368683078038,71.07010641222108,180.87059404248802,3.0955967357419936,,,,343.1492652407072,2102.4472064925044,651.0203416944763,15.92225899384859,38.851252737615816,6.827102801298187,37.59277075118618,109.58997924341452
2012-07-20,67.9121878105868,70.4635419380834,180.2157688260995,3.1121840301654027,,,,342.2688936104994,2131.4126479380307,635.7193565936924,27.90081475150239,41.75102161943569,6.649013971294586,37.893542353047714,113.68542014331426
2012-07-27,68.08979670524542,69.48618660046482,180.24445594564037,3.128832726999858,,,,341.6154701243717,2123.435539138929,631.7025929985772,35.817923076784744,42.36995890007313,6.867336462991066,38.11329863912391,105.43358167535622
2012-08-03,68.2150520953938,70.11347760817765,176.25553305912345,3.152738808575788,222.62990132220855,104.87242114345636,7.316366876641939,340.6758266517563,2108.812055985594,628.2222283157564,41.088134930069046,45.08098202471819,7.205528425243465,37.96059517331132,127.17577599124692
2012-08-10,69.93818706793479,71.72933835098921,170.48884799295246,3.1612970665733213,,,,339.9468163728174,2117.040133402614,610.5276595844584,39.6157603042176,51.34425116196215,6.834966266563482,38.84878905477497,116.83795193960313
2012-08-17,70.29756422055533,71.20639777515876,170.09635236389988,3.1537522479634066,,,,339.0206675325225,2077.652863670237,613.2678631434865,44.74635282710866,45.869118504821614,6.852596175856785,39.37678374136568,124.09890811504626
2012-08-24,71.05285249838613,74.63591659456861,163.4630802205189,3.1501897729425767,,,,338.64045067130513,2055.4156073508893,595.409575030877,41.586088919105705,46.589682084759175,6.289860825996126,39.027006026484884,112.1754865487072
2012-08-31,71.57214143961494,71.7418451419275,163.82387730838138,3.1403656200306465,,,,337.84467449901666,2131.6821642079126,595.1395784025354,25.773073353307367,44.737405320186916,6.554012941745508,39.05737919524075,120.32505359230873
2012-09-07,71.19768597388969,73.19604512859286,164.45201098654167,3.1301413101839746,223.09500809632777,104.27097088494115,7.444023911911878,337.25684858694143,2117.5220007634657,593.4224493128833,37.265049980474956,43.33108834684281,,39.47849723774214,121.39744635921163
2012-09-14,69.63234318378635,71.3887355339467,159.98628696652622,3.1460314276602936,,,,336.55386567399614,2153.588091027119,588.1936844354948,33.50133288679061,49.26950181536665,6.758847178606908,39.20231077843377,120.32585386373283
2012-09-21,70.19929036349768,71.93838803327478,157.5616502158086,3.1333169920090507,,,,335.7448351526011,2114.0497302378594,589.9999841428979,41.435465446058046,44.368315662108195,6.8734152792217085,39.94353500605926,119.06698738307139
2012-09-28,71.04479835690195,73.10895107774927,156.24617134800786,3.132024663148017,,,,334.6219312449363,2161.4558579208824,579.5933823847151,28.00496517750539,44.40589826154831,6.725488460415735,40.774052518057154,103.49964086849083
2012-10-05,75.05907250030944,75.35843590546749,152.8454851255039,3.1338339250823304,223.75804515654144,103.75476496103431,7.438256522866334,334.2138080933174,2269.166510551478,568.5878312771443,19.388593213276827,53.410767627789916,6.971652585598607,42.308508320836054,126.65790509725304
2012-10-12,74.13524852246915,77.44732673764291,148.68424739643226,3.137364507303343,,,,333.57110386355794,2253.3977340816186,,36.916620605306655,44.607618089236624,7.214185587908551,42.42837605852217,124.44634485531336
2012-10-19,73.18570652114857,74.60898374044243,149.65811871581008,3.1633496917602884,,,,333.1426951850755,2308.739020464655,562.1364504890564,32.77090441511123,48.20241325073928,7.280169413818438,43.34144861517203,119.9916742584826
2012-10-26,75.63814656627875,77.45221789719355,147.22962946095294,3.1606667620934714,,,,332.74868184102525,2342.143549154767,546.7225763312681,34.852936420157285,52.02630252846501,7.501025368130591,43.91180779097496,114.02110047373176
2012-11-02,78.83508961099962,79.99066908798122,144.77024743513806,3.155485092508486,223.37604141816064,103.22261974450619,7.478503992729287,332.05768651845284,2330.96261916714,529.8542235599857,39.35033508607374,53.05061735020116,7.6318067234683244,45.21563701627108,109.2357303311556
2012-11-09,76.08837674502071,77.56280316383864,144.1373164639743,3.156087072176016,,,,331.43205415438723,2334.9855118008427,518.6799141163999,36.87776573596777,51.39850614887509,8.383789771768779,44.44455009008732,111.19431998465039
2012-11-16,72.00172630747718,72.33971777109394,144.3394584126687,3.144805126411271,,,,330.88640301077976,2453.6481192100755,509.1875642744822,20.03543398488856,54.08286716058247,8.370182630947673,43.051485715865034,133.72589561514286
2012-11-23,73.70651468802293,75.17740305754366,142.8860212832466,3.147989925933432,,,,330.6099306390542,2442.7318120282353,506.49832865161477,37.603463496266556,47.99209573900483,8.853893168188563,44.19133257165606,100.56680849097658
2012-11-30,74.53680562204683,74.81534018213283,143.67445378030922,3.148541979482554,,,,330.031018932354,2434.977936269386,502.5711838546688,37.094315024390085,45.224754170387634,8.441747988640467,42.54173997320807,123.49617909154566
2012-12-07,75.54152372802695,76.91998111817531,142.39380332742334,3.137860697958981,224.32415435578568,102.55706087053127,7.584900885373278,329.5379184504766,2455.128679758597,508.85478624127666,31.272177868733067,44.108760133907396,8.297816283175719,42.94417978490846,110.42980902128774
2012-12-14,77.54911486533913,79.46340933145453,142.02021073956445,3.0969988797767156,,,,328.9658293929781,2458.857679265981,507.4219727695437,25.174011348306983,41.523259936591906,8.355549557695996,41.7868103367243,126.9931105323515
2012-12-21,79.37867061841123,81.54948774195516,141.77761575751927,3.1025450903929004,,,,328.5174674239604,2488.2739764412554,499.5590805107579,22.83254037131094,41.39685037693815,8.305950016575318,42.52423910025009,112.17402115051435
2012-12-28,82.27457998562325,85.28504067566536,139.33679455598894,3.077082852159601,,,,327.5828657178853,2503.466002748512,491.9911501253189,19.45154272188829,40.73488650757229,7.8484480664195,44.24019644354083,121.97661632925539
2013-01-04,81.99168013133051,82.2490852188658,136.55314303816388,3.0937079186785303,224.67756822152074,102.04194250738743,7.482091899899623,327.60164013263085,2413.316218635752,490.88894199941757,36.06283592938087,36.13145801210911,8.103017950219037,44.85809569793251,136.71459584659758
2013-01-11,81.03235858030676,82.27627318672067,137.06657406338962,3.1135426345436628,,,,327.2533599332456,2457.517304386673,487.3380081227035,23.935953671027814,40.84315450016908,8.23638529263529,44.08044734532602,108.9557085214464
2013-01-18,82.14055193453399,83.84755824277782,135.64908837787647,3.084318150168602,,,,326.84183733051975,2501.662499672566,487.1286906329589,18.552472532018015,37.58407910670524,8.26704226705142,44.30698224308343,121.93726444406096
2013-01-25,83.11160818126544,84.83745308072257,136.94443301713852,3.0726164672090377,,,,326.95101329115727,2570.7670049424532,495.0392460841777,13.658027483882888,35.80733791669759,7.436434789752867,44.15337068207918,107.76026581683688
2013-02-01,85.0227275574309,85.7462634602991,136.25470933529476,3.072967501959132,225.16157213085947,101.55748684816096,7.541534207767597,326.6628383632268,2533.327529024138,494.6670443347917,26.79152196789603,38.59508374533643,7.60271145958064,43.78635865134324,124.16948649276742
2013-02-08,74.96099594689622,75.96489071949334,140.90446844470318,3.0332082165763596,,,,326.53098208986876,2540.931636347667,498.48878209789115,17.835528351547193,58.865594863445786,7.681276548788825,40.97265732999021,114.55729048700242
2013-02-15,79.12464747008035,78.72090401174482,141.77843523712679,3.01163121484993,,,,326.12200371821643,2648.251192178775,497.5848321130698,10.575744491597652,45.88333217318546,7.627281044760108,42.84071473518657,105.1238572361313
2013-02-22,77.7021235769548,79.80947248480129,145.0630700359467,2.9934697648590896,,,,326.3242404163479,2581.794018109041,499.0809744995659,33.99572026865113,40.23868815355265,7.637941026397844,42.873662879707915,136.708156542332
2013-03-01,73.44783650379755,74.15457106824469,147.29473026033594,2.9972641089724688,225.11325640036085,101.11702746001033,7.51614610427481,326.26033193163255,2565.792902609628,503.3788475298779,27.77223695280331,48.32567054926633,7.49011200577711,41.27214071071674,116.20696933241044
2013-03-08,77.03997902232885,78.02060225034379,144.53701120860458,3.0263016627313832,,,,326.10957295837346,2630.59339723544,506.7756527209973,11.808540848679662,42.03219635081288,7.162213925625849,41.80527930282476,107.18151680688604
2013-03-15,77.29187140130618,78.8621729053545,143.48792160261365,3.0277092178374163,,,,325.9534249601511,2665.058534758281,511.5421166254519,14.585762279292865,31.711968738759435,7.29785526162649,41.56102232198822,127.79474543332243
2013-03-22,77.36125826782022,76.56186116028195,141.28694098530687,3.0411146683818977,,,,326.1092610791515,2602.2903773719668,512.4043286453716,25.116147722708796,30.84136610889365,7.473212530706208,40.89035569704784,119.74117503780198
2013-03-29,78.32835340556427,78.4971439075664,142.18652108355562,,,,,326.6466356300119,2611.3860140469496,519.3240178703013,19.390497348169525,35.02467205961776,7.639527830145546,41.56702226026319,117.20752006253716
2013-04-05,76.54048239996152,77.46336221642959,144.61267103438712,3.0178076203342137,225.4646803767915,100.64692979926983,7.590136161247016,326.5840398349835,2610.042038291336,517.9115656391398,20.964690660090206,37.61993943912174,6.996998113898182,40.62827314735584,134.52641555373128
2013-04-12,78.30586260654327,78.41496974719617,144.16264310433314,3.016534038041237,,,,326.595536031283,2584.4239305153556,515.4108528214115,24.42306184442145,37.9925608633393,6.8490777239498115,40.876197298591805,124.52336003198475
2013-04-19,79.45145384783555,81.37774913888911,143.33344947924894,3.0241923116881804,,,,327.11771770823214,2564.274424376264,515.1311091500456,22.08158628259922,35.01752829308039,6.536146486283455,42.06259147076098,105.87356584144298
2013-04-26,81.78010936240159,82.66571274896437,141.6765440888994,3.0074427073778787,,,,327.3794270685324,2601.9634277046785,520.8651770722608,18.79290508689079,40.46875164977749,6.891987508790734,43.55554838674106,113.5317005091853
2013-05-03,77.60936759260693,79.48174256052019,145.11304384168272,2.993142043903517,225.8843419810689,100.34836212880299,7.585126577895126,327.84066300344614,2599.9823484944914,527.0592623722423,26.660268226579632,47.803946603072156,6.927113184539623,41.98970843733764,116.38791622143276
2013-05-10,79.36097847592951,80.70103469786008,145.05842578253464,2.9887021664063917,,,,327.70359371520476,2689.170371819707,540.8272632283092,17.391454520785533,41.916689664501455,,42.36841096828705,104.03279049150447
2013-05-17,74.950766829508,75.62121758914954,149.84505993339093,2.9910389271137063,,,,328.1856580349166,2672.6103301063886,540.9491260301215,28.83629588430495,49.23402050659491,6.800622074229797,40.708081462816,109.66797931951804
2013-05-24,74.2853696576903,75.96300141503094,152.59441167104225,2.99878745047709,,,,328.906026457462,2667.4058083769314,535.3140949506158,26.39690149817023,37.83658537199625,6.332132907496724,40.73647435423352,112.25598012754791
2013-05-31,76.57376356311421,77.42886670938181,152.56838757600462,3.000688924187088,,,,329.5992541737068,2736.8020791682766,529.987229891449,17.648243287807304,42.24381268333001,6.261542909045575,40.50406714772156,119.67331835918571
2013-06-07,73.79891778933407,75.24396765522975,151.47386044582998,3.019047222356452,226.3231683732613,100.08669783486802,7.622018551189511,330.0232833708931,2731.560332982578,527.1916515504927,22.255786985912554,41.24073086466904,6.203067308228631,40.09451799058564,108.04238399373457
2013-06-14,71.90050846981242,73.97997368344815,154.17737225934178,3.0289382711974966,,,,330.34034019298855,2684.246571779555,529.0933266255672,25.11569570483688,37.64924171822444,6.183444878418065,38.9656779591561,100.57203072227537
2013-06-21,81.8908205580431,83.70332286873911,149.66784462678214,3.030002967348309,,,,331.0869051660824,2726.4258415756576,532.2943982348809,15.020002055821816,60.421076825987925,6.943144129821073,41.75025193083815,132.24428296757338
2013-06-28,86.58625872522845,87.25740714247169,146.3191311039795,3.0390510959916415,,,,331.17334180707167,2792.4884293126315,536.7450939573005,10.370866254067057,42.6348213583275,6.600209776233427,43.29547248407201,100.0513996756179
2013-07-05,87.481829832408,89.08027803968105,144.85195284536783,3.0531982966819418,226.96281052202943,99.97493166821478,7.719331403726654,331.65541628321307,2771.1493433139526,537.1688722910369,21.330539355192407,33.61663314689562,6.396442276021888,43.20962634278143,106.06334531063789
2013-07-12,88.8734554864879,89.95966745607369,146.67769329651932,3.058822090023232,,,,332.07479591708363,2778.982582547819,542.3845994144252,19.557414316298424,35.74161489806505,5.741267015385935,43.489478500036725,108.69450000220738
2013-07-19,88.26669586918042,88.80755432331034,145.92995541422295,3.0308113193948,,,,332.39896568543026,2737.2858467686933,550.8689620958244,24.39398992303086,33.41286400359867,5.759171159739495,42.886634302991446,120.8735820015807
2013-07-26,86.13492843859417,87.43226754758362,145.43272583707179,3.028723734228383,,,,333.5484726925975,2689.3441304556673,556.5972110574337,25.654320725741474,37.614173986487685,6.125041531106056,42.6517522776533,108.3393584343977
2013-08-02,89.43994041529811,88.93454600020267,146.1666511235306,3.034321013531201,227.06613770256095,99.9549385552469,7.669828237370117,334.3897762748989,2687.245327155895,553.3494801395944,20.172865553213555,40.24261490056253,6.48580797628773,44.01479955028946,110.38347571422555
2013-08-09,94.32931115179514,96.0558604720917,146.9702057310379,3.044476067623062,,,,335.07634661919184,2765.1192080844353,548.258230734727,9.137686478343399,42.18129962829371,6.005760377868513,45.21060835304798,110.98399167546427
2013-08-16,96.27532787131688,98.2623061589577,148.69920143467664,3.017662898982485,,,,336.0452023290692,2843.4202643486824,551.0149767852121,14.746602086029196,38.57493980462979,5.993318640852246,46.50330057137188,112.34265536272653
2013-08-23,97.30240921965178,96.81221627988754,149.3748249730125,2.989179505915065,,,,336.95939000847073,2960.0569551619856,561.8791340074002,17.00846966437854,40.38038535395381,6.2848136752616135,46.75378608899096,101.19648070618489
2013-08-30,97.66936808218576,97.70407130837864,150.11261602408507,2.989192733138715,,,,337.8813828802582,2903.276156098588,579.4442675140755,35.1859177789247,39.07833547982791,5.843966489901522,46.35408402307276,104.76756711559855
2013-09-06,96.7576508489404,97.85037867027694,153.1458735851742,2.9878022544510165,227.94761566402653,100.06238997730189,7.737120161057007,338.5599053737633,2873.869052842011,589.3139571792951,31.920432102715257,39.97412373247401,5.797897902254922,46.357491779904976,113.04960929186636
2013-09-13,107.99909538855604,110.5599126224883,152.26150233728475,2.9837277500814756,,,,339.35342275428854,2916.6796065256312,,25.316000751098763,62.68228297800205,5.569109695210913,49.987343549288276,125.27429001968524
2013-09-20,108.40000545974743,109.30911203609938,152.3350875316159,2.974378785447154,,,,340.62635938591546,2959.6861567073897,608.6278519813302,27.44639656974367,40.70690508123115,5.335740004019229,51.64446437213052,100.07531567715378
2013-09-27,106.54856503878665,,154.4805152087796,2.9823199578387514,,,,341.3494933694772,3017.691907774845,607.5484022160638,25.127310351988925,43.0900086835561,5.640407609912328,50.58198197501903,108.34582980463703
2013-10-04,113.75224818526235,117.17332829277726,150.21564676589583,2.995267351627899,228.10481087208882,100.2541337612757,7.807515478624127,342.1875131860005,3033.967668321604,626.1710520189379,27.000142158256473,52.13537708166584,5.405051896962222,53.749534687614975,123.99349896837798
2013-10-11,111.67643617578611,112.63776092087825,151.91840466794474,3.0177894078011067,,,,343.08824394717806,2957.6852124051934,645.2903769468596,32.32241186957194,39.17384504984498,5.332911295973333,53.76440561251272,115.23935578731057
2013-10-18,110.95658526126543,112.80221465876006,152.66913836310536,3.0276619437902044,,,,343.9874174427189,3077.6421484591965,650.823925945764,11.099865436180838,35.440622381921756,5.123097808827155,53.05314845995619,117.6872391321333
2013-10-25,108.9846651032432,111.90785889112585,154.25938631315285,3.012109407309874,,,,345.06457028683263,3031.6459344318737,,30.754640557145557,40.103143277047295,5.1103131430894235,52.740183081113734,119.68332269049576
2013-11-01,109.79852153606569,110.45490696168537,151.73006061919773,3.003372978887081,228.2434083795228,100.53719700724308,7.867228328193322,345.76516152279794,2974.0519759728,654.8374669618122,34.429258481531484,39.42020696319725,5.1322430607580936,54.18664492546462,104.1024210256989
2013-11-08,109.08989993559479,110.96208714618413,151.22922169635595,3.043606748993683,,,,346.90458438395933,2942.1157593968173,669.0656787544214,23.914255014257147,33.87467747136315,5.054859172362457,53.51229909413064,100.24339616034935
2013-11-15,107.76080547657946,110.40886173899054,151.86493386551544,3.026001351230201,,,,347.78532248431384,3022.7452595674517,674.3276710547207,15.906461005249373,37.37509647034883,5.14224625134689,54.02792337935014,109.22524090087698
2013-11-22,108.92904778548737,111.27614223185604,153.70637632457127,3.0246708073492554,,,,348.6233745844595,3029.0872569877715,681.4796095373947,23.462671155413503,37.09982589791967,5.633869508559047,54.73584324337231,100.43692581877862
2013-11-29,108.95238113457351,111.50424061152518,152.6957186334437,3.029608886409509,,,,349.6567542287229,2950.838119605365,,30.229803158228727,33.63256913799195,5.947338788744603,55.320948363335816,100.83623143909192
2013-12-06,111.19592181559436,112.84050231975449,152.02064990000227,3.0312444618507017,229.32091395256728,101.01193977729152,7.7392333877496,350.6457850355574,2816.482388645644,676.5393984980255,36.02837652855267,37.84969584889941,6.202452857842204,55.00734204908574,128.92060934718148
2013-12-13,116.83726515575796,122.07062241911574,149.77278354163644,3.040673574608286,,,,351.3933093283472,2794.6018856668006,689.260698413016,22.72771706523,43.14610445339072,6.1781128490155055,56.42086287291878,108.18276664677234
2013-12-20,114.48548311897976,117.99001209148695,150.96318516321244,3.032461220414894,,,,352.7557032982009,2743.7489948770526,702.897884578877,28.108394430101526,38.20619982166667,6.236866211317872,55.890592090338245,110.7538939441801
2013-12-27,115.63467992577125,118.84500692279967,151.9605457997785,3.032230743301196,,,,353.6974125352064,2824.034292894949,695.162823237193,14.204326934312263,36.10179798097686,6.749515154639477,56.48099809536652,116.41486082021675
2014-01-03,117.7933056521111,121.67613017405377,149.2964708383757,3.032676468067999,229.52727211340942,101.47983473637487,7.841705844919245,354.0328799867166,2840.417416208067,695.135695086553,21.424995502021524,38.17592499851806,6.751874404757876,57.648728686327175,140.03441196635316
2014-01-10,114.6992505914987,117.22198266280714,152.9658916499481,3.0193234563171036,,,,354.512677984854,2829.144003003358,699.7414104324877,27.734834142975735,42.21714023652955,6.435271125312581,57.94286105957425,105.0859279817272
2014-01-17,108.65542320182031,111.28527278699352,155.88018182799738,3.0053228464492996,,,,355.65274785587985,2857.9279391299347,702.0754020898354,26.486879313306375,50.25813213714581,5.968696249106776,56.31737713612685,132.65919587314858
2014-01-24,108.01005971894202,113.35865179135405,156.7012248555159,2.9854016092732825,,,,356.519732093324,2847.811810562539,712.0180255803192,34.0423887245946,41.96299745607722,5.888934194585243,54.65851095884194,105.25672117448353
2014-01-31,110.51427135149335,111.91685955733497,155.45588804342069,3.00623968739606,,,,357.2386519636766,2808.238923783105,715.8035436503849,32.82076393310895,42.79097239817118,5.3281804544356755,55.75764801855689,142.10809795886004
2014-02-07,108.17838640315934,112.35915700468128,154.66624598020738,3.0172703792010447,229.726749629423,102.15981101256338,9.066243421264884,358.3286791408724,2842.6070609645258,730.8027638052191,23.395901851851963,41.396619176655044,5.539763371359422,54.25599191786571,112.93993835191799
2014-02-14,109.04891923172744,112.78199347428469,153.30756683264897,3.048880341936563,,,,359.2672269031976,2958.224717617386,733.6002003176895,9.314793824265259,34.613371424603834,5.647917669421707,54.15296544610644,103.47312568263912
2014-02-21,109.66166177262315,114.96193001509873,155.15560081826203,3.0613236464666573,,,,360.58196538350575,2881.899783022704,741.7888930572609,26.316467553455542,32.215770125913565,5.708897815452582,54.291445486614876,113.49011857065196
2014-02-28,112.37545826307299,115.83160631004854,153.39052903008908,3.112352903746734,,,,361.43232054473765,3006.466042928323,740.2581633792947,12.849093056176468,41.07391171730255,6.137651186612819,55.33498454563315,124.09342978744453
2014-03-07,111.5872551007232,115.33650583808108,157.79951506468467,3.108789591889822,229.6133126737544,102.76652139490943,9.017683599448599,362.4772547859533,2983.8332069357702,729.1207638725535,26.787755773760853,36.56238450348676,6.122500168961627,55.48769174016677,122.1297269975374
2014-03-14,112.68080155627939,115.53503084899455,158.59271322293992,3.0804827398827515,,,,363.2847504051532,2909.591480947345,724.2438117154159,26.01297381110806,33.11491680607647,5.731639584275894,56.419600155943,131.26042246521297
2014-03-21,117.52952941808364,123.34905892755123,158.80557113650676,3.098627010701621,,,,363.9851932214529,2859.5956809304075,726.8363567666152,27.37957612735706,42.721952095504705,5.591240187161119,58.1533887311992,118.44922339384458
2014-03-28,118.00757858199924,122.27855274012659,154.1046357120383,3.0930093271030756,,,,364.55494926383386,2957.0646422266027,719.2135970388117,11.321773433629476,33.81091791409573,5.5263562901653005,57.2798610828454,136.26124408005504
2014-04-04,126.91016704423966,131.87452824144307,151.36885325822593,3.096412862411026,229.9445561633508,103.4155973148091,9.08459100893775,365.0317642607191,2985.1379767569424,702.3543829199176,19.008364108217968,49.229424284505946,5.827948788835478,59.99015664379425,117.38724583431454
2014-04-11,125.85391799078013,130.48236604691857,150.33538525696662,3.096186947888492,,,,365.54699817091733,3135.2264530523394,681.3226541946487,9.0,34.99483397994567,5.711238899239597,58.30192920090986,128.16968748255945
2014-04-18,126.23286328829636,130.69447415954184,151.49581856169928,3.110643159795552,,,,366.72728709603206,3133.104693407282,673.00311327352,24.752159997736225,35.69413439890279,5.589915838570587,59.926579663324034,100.5791677460312
2014-04-25,132.54783772494565,141.4629390229155,150.79675683237903,3.1105921538331054,,,,367.30939760602206,3267.362046611781,673.2642249320685,12.446789011312632,46.095594969053366,5.58247447225812,61.808949107959876,129.91598266198648
2014-05-02,136.9528243809458,141.65468874345055,146.33559987832757,3.089586099470391,230.85585076985913,104.09359606534244,9.136985139024995,368.0057513898558,3415.9456998299815,670.3026511171497,9.0,39.543396774477664,5.648956888718804,62.75671912173678,108.47309625847471
2014-05-09,134.13534944192645,140.53811992914223,144.55676242832334,3.084281883395847,,,,368.3758978635251,3324.9402488198025,674.0201395626917,27.900490417012605,36.43963317915848,5.593833066589597,61.28135056645695,107.51166889021992
2014-05-16,127.76253082473288,130.09787473907673,143.58621179791754,3.091705001715474,,,,368.78581658352897,3243.1374612223863,680.3184081527236,28.64727600956953,43.49148313338545,5.572698029610308,61.78922429558182,128.55103608140527
2014-05-23,125.35703570740222,131.0868763783913,145.1959895397159,3.0473161192972116,,,,369.52454371801605,3156.649802517024,677.3384327385193,29.957704971602354,37.41410201564287,5.6541266930999035,59.08940882498737,129.9571812765458
2014-05-30,128.1025937381712,131.28820664880797,143.4559052852671,3.093416628782695,,,,370.33188237532715,3160.823957829095,660.4182011666625,21.202277748123706,37.832222310344044,6.524507502970143,60.75160491499525,132.8505014923121
2014-06-06,134.14192484857526,139.37220013509713,141.67280587668844,3.092513846309883,231.38445023120977,104.96020912480657,9.170129023719547,370.46183313680297,3182.7332640446216,658.454064672933,18.686078677482968,42.64029662778974,6.815320436418617,62.382168252958465,125.14648771016701
2014-06-13,127.36589325285735,136.19870901280274,140.804765225624,3.0973363297659424,,,,370.71536895125877,3068.147962781181,655.603575897269,32.87328181389696,44.652506046812654,6.57443166652736,59.895241325872746,117.7845507109814
2014-06-20,121.40020528785243,128.28532061876177,143.23111721492901,3.0811466093830107,,,,371.1398556473527,3032.5655825148683,646.9546127418099,22.15318317846068,41.65614429709837,6.7278376737092955,57.1586978616765,105.94371062912045
2014-06-27,121.11609384243705,127.23658398660436,143.54069457410841,3.0948966066352246,,,,371.76370698638516,3121.344623042945,642.2988183685206,12.761905859479647,33.46104862586297,6.854931100129862,55.831272629777786,124.81784326254679
2014-07-04,120.12421113056472,126.00976302861905,142.4245067574977,3.0999946811895356,231.63454517765888,104.60113637311456,9.142478845571045,371.80811334788905,3101.976494627726,637.3822267952985,23.968733770103903,35.210056885135835,7.073812314388716,55.19104707935619,171.1717021452951
2014-07-11,115.96076093912562,118.99555946720267,145.29955894524323,3.0897276138170615,,,,371.8953630453896,3116.933372064706,637.49383501367,18.902051673241253,39.990437478971984,7.256114750635396,53.18051105469695,224.81613998148782
2014-07-18,107.69702941741564,113.13851993252247,141.64225799024484,3.0901623933030065,,,,372.111139653967,3093.2688731200874,637.3535799057016,22.454173226133015,48.37644455694952,7.0541502308884825,52.71030255547252,180.95150154083368
2014-07-25,113.21022575814816,116.91282565045525,140.99349254181473,3.0801989634863096,,,,372.1474613332061,3039.284062930011,626.9438399854653,23.24433618538938,41.624991870911046,6.883110181902715,55.47226014358585,147.30866699027746
2014-08-01,120.08223873243739,125.66349243561774,138.05258850540986,3.0980648343687216,232.08213751738916,105.27432028390362,9.067636198289975,372.03507427662873,3000.8013007268064,623.2459759631134,25.60083194627621,46.150036028347955,7.128544848498672,56.06039045404736,158.22934802930246
2014-08-08,114.54216464194741,119.6950491329548,137.8333735237344,3.1025609254059403,,,,372.0086258865133,2931.434782214903,620.5480301424593,29.199586764697745,43.84702678453905,7.252694655246821,54.6044230233436,191.01491082246238
2014-08-15,117.73764232199741,125.03284510803522,135.86260108591367,3.117840603492021,,,,371.75028626847376,2980.7471623564365,615.3888516277706,20.18420458841281,41.51267420708419,7.129204925000363,57.55262994446486,188.87058050733125
2014-08-22,114.76402617692565,120.56573812149504,138.37615804078195,,,,,371.9320804703424,2928.6102563472755,615.4530053239606,30.674624405790695,41.21497148237554,7.349364543301427,56.08069050751108,178.60222897684102
2014-08-29,111.2470359654945,115.16397158256974,138.58989596182022,3.112342015911353,,,,371.7865491773899,2970.5055385764613,602.1658959604332,20.926700973289364,42.306087441638695,7.642693557108698,54.98744748094594,188.14984632966787
2014-09-05,112.69386653384846,119.11939603875769,136.34732460733946,3.0888703737854235,232.96541568636303,106.06956877098689,9.17929508639742,372.3022213904594,2917.388090280229,599.6886645004566,25.177129647820532,34.685512533846534,7.263388585669759,53.41462719867545,217.02381892807642
2014-09-12,111.94015419558298,118.3635326325867,140.07686705772713,3.076827457927401,,,,371.9873234374984,3066.7094629274034,602.6907663387145,9.0,31.536681565234765,7.089618030912827,53.430686019038944,224.3178807547776
2014-09-19,109.64643767304123,116.28276143090783,142.69589697715975,3.0806633760336504,,,,371.81131627447775,2939.0362355842626,602.2137402674592,30.468374573408948,35.028978630401994,7.010545523995869,52.91361318856046,182.6073625569503
2014-09-26,101.4991017326084,105.53930054576055,147.8835962426553,3.084785226711886,,,,371.7934414885784,2989.018640848997,608.5738535520612,13.768034165991773,48.204465031649825,7.245606011378434,50.99338619075184,204.5841666827922
2014-10-03,97.51395734484603,102.1078829368413,148.1559246952342,3.100370156900333,232.84284349604812,106.65277105048473,9.218858634489461,372.0080331374083,3048.300445130133,594.6037565380599,16.451371861160816,42.374039065930226,7.802471494754225,50.930176825879634,220.85240506814625
2014-10-10,95.78598057718179,100.0951116480733,148.1417503424907,3.089018318823077,,,,372.2822607178242,2934.982964763239,599.7159484519912,31.099601943391193,35.75664458769524,8.270962708880198,49.629190825819194,209.5856103415672
2014-10-17,99.35576780414854,105.54232282225368,149.45705104232167,3.107917839980926,,,,371.9886010444,2902.3229755386346,593.5047275665706,26.99442397077276,42.474859547956825,8.066442193160801,51.19241629766656,174.69480210284883
2014-10-24,96.87227604813812,102.51344440260074,148.07304652960778,3.0976502323921395,,,,371.5989755623954,2812.4395724456695,591.5353744922081,30.653816957792618,38.37971635267288,8.23278287974836,50.3627775044705,183.45563341930884
2014-10-31,97.28520292583002,102.39648116544755,146.4863812426355,3.0812845276431133,,,,371.22125897597635,2768.1963378639175,576.2344779099608,22.42231555686249,31.37939094243277,8.660832373341126,50.57860027223208,220.7911378581125
2014-11-07,102.37932071335965,106.77587905415416,142.375668013395,3.0837799391256158,233.43200776227755,107.29604549105618,9.26559535238134,371.24700170912325,2799.1364330344486,571.2784771041125,15.273940040270839,42.300616570998216,9.462797116556038,52.22800917090042,219.2232398763194
2014-11-14,110.00096229365629,115.58912979030106,138.7726391085198,3.03974495169976,,,,371.01301203479716,2797.4551266151593,581.806223479516,24.513613199819552,50.68586992952684,9.576581869778842,54.125562120756484,209.34869504172934
2014-11-21,113.39512369404541,116.32055142945882,136.9691286549466,3.0419003121367814,,,,370.655468065965,2709.8192984017974,569.8204809027377,33.47209265671032,41.30140224036635,10.017321813368639,55.32532964067862,169.65667369549453
2014-11-28,113.57687118573097,118.11374291126488,137.19786212352489,3.0403000565210525,,,,370.24074489471604,2796.1286515377683,574.4417398248714,15.189175890647721,35.41588993871144,9.8978179752824,55.27183597344813,204.5511349756762
2014-12-05,111.86965224504948,117.19100788105163,140.76008375464178,3.0309353204380605,233.58602676806206,107.72957084958198,9.27584303014411,369.48472625553137,2742.283486868232,594.8436423451401,32.26768966132262,39.62149786892177,9.70114124004946,54.15059702337377,170.87934200560522
2014-12-12,111.64342212663833,120.17243448307222,142.37428347631175,3.02905027872571,,,,369.12692759151827,2777.6062172530164,599.8812176360858,22.119404734832514,36.41798954835971,9.796801995914523,55.31520579668154,191.63763122979935
2014-12-19,115.08815128372763,121.22305066929938,145.38836375654827,3.0247363210016975,,,,368.5190468740485,2783.723348965728,607.6300663124299,26.678234431980172,43.57756003587764,,57.31114417210841,234.51688124460782
2014-12-26,108.55705836579095,113.63947120146085,149.0796640233877,3.0193430163704535,,,,367.88931471367056,2720.748890968419,620.8314691084386,35.378148176488956,50.528598478799566,10.135002714984948,54.91998858815188,178.7680780130333
2015-01-02,107.31766239495087,112.47597587823891,149.38329774358573,3.019729656828595,234.1329434913608,108.08184669245557,9.218251251568828,367.4774086659498,2802.813070346181,625.4940069014689,19.844565340529847,40.36584747997657,,55.255124259205445,224.70487334350207
2015-01-09,103.45495489343276,110.41690577272814,151.5515780198587,3.039019572960096,,,,366.7580494643575,2699.994886181069,635.2710502159425,35.76670280304141,43.10092254805931,10.718892052795958,53.262356625487605,190.40125794601323
2015-01-16,103.66040453973925,108.47460523165053,152.96976563125207,3.0370324912155624,,,,366.03807877581517,2751.477214127144,634.3698666487384,19.301789892523153,35.748599509388725,10.480416157318924,52.534783364309746,175.67106385598177
2015-01-23,101.96326084782815,107.13267290807828,152.338663038164,3.058497873907643,,,,365.47718739167834,2700.655775385808,638.3602390354125,26.20115203546221,36.0371227999565,10.443594844049901,51.74042565631858,187.81156415825546
2015-01-30,102.698342341794,108.75554642933905,152.91687949426046,3.0605452046206296,,,,364.89536219817654,2723.9427162276056,646.3440243275587,17.688019321499436,33.75617803092375,10.33606283496522,51.76684375048167,257.7695668364673
2015-02-06,103.1467321951693,106.23366442416187,152.6703227881903,3.034874715062363,234.77933104971672,108.39833160233728,9.326848479859425,364.20225580336006,2681.6648603416425,644.6846689983176,29.921142823150973,36.44403532872424,11.431481611383887,51.69654423996611,204.0935822427129
2015-02-13,103.1289940128472,107.90711273542641,153.93403750390806,3.0441899462201474,,,,363.44609775150155,2573.76029470947,656.560797520651,34.92227341007953,33.77205121879572,11.597493522354743,51.76844046541583,167.16216949014353
2015-02-20,104.16646086442474,106.54169777441307,155.00149227764203,3.0613946585591,,,,362.8769633201479,2636.4500411500376,660.6946604077013,11.593342957298796,33.41075113707028,9.753547566708042,50.82434876726111,183.9065261923171
2015-02-27,104.66954199453338,110.60089493139552,154.62432572447184,3.087823589718291,,,,361.96477698512615,2638.839092309488,664.7555790036765,20.168358301250116,33.35334116368452,9.009631871629221,52.247052714697155,217.1488608409771
2015-03-06,106.70773417945853,,151.06743628114722,3.069764291348259,235.03551409804743,108.5474460249723,9.459640115650805,361.0642901420602,2647.3499097046483,666.5306837155721,17.077292005309978,34.938336597095905,9.073008028653376,52.8462049836417,177.55210508475892
2015-03-13,106.30263369430655,112.0353495437184,154.43547599685473,3.0583871627634966,,,,360.3936555870149,2689.9703275911656,677.6521570831286,13.923210682484102,31.979806164971688,9.088479487117848,53.6197238753141,177.06671543830737
2015-03-20,103.3345148239051,107.57974673028343,155.09294503468308,3.040854698240015,,,,359.2471841267158,2692.343369927742,691.7802646864875,21.939860588815346,39.69969501933133,8.072817947091693,51.530173498140705,233.90336223418373
2015-03-27,103.20435096251285,108.26153765205153,157.82137406304463,3.0387336889439465,,,,358.1816959268853,2658.0453921339426,696.3234301810201,26.666929068528624,34.157730366010036,8.218412068798813,52.17639123956256,236.67803879044774
2015-04-03,104.84964164897221,108.90862216473079,156.71791538233546,3.0558501460549805,235.3317836744123,108.60213280893421,9.391838652138798,358.038841838935,2664.2416757677997,693.6618739631691,18.76296056559146,35.12058497110071,8.2434414639743,52.933126813373576,217.7798056589828
2015-04-10,107.44837054759122,112.02044138350087,157.31071085723843,3.0794183915837894,,,,356.97935146987083,2694.8340929242368,697.3695645270773,15.147698869846444,36.43485341933839,8.033362714305028,54.096928422082236,216.60370223223111
2015-04-17,105.11047999815503,109.1475370604416,155.15394706512103,3.081605754540031,,,,356.1934589641441,2690.1970458270266,709.1985817778451,19.100627477677136,35.895642041978675,8.09249026951944,53.79075071045421,175.56034405670127
2015-04-24,106.11377808608438,110.38975240959327,157.1202694208003,3.0652759476159197,,,,355.21944155654955,2707.313672192945,717.8783259951443,15.915127579071452,32.63521898180405,8.405742001249711,53.17149981251764,224.84220060584738
2015-05-01,105.66212115996895,109.55262792788778,155.7549653869295,3.04327409195292,235.6871450455443,108.56298990281388,9.483471922572246,354.4730258399866,2638.728565645055,726.2571030930224,30.08074015850716,34.52695175230869,8.352556112662239,52.03579446663683,189.76277685528868
2015-05-08,103.05055387481839,104.84583975538183,157.28313960560726,3.0326565919001203,,,,353.0918579705142,2652.9392545944825,727.2294786974238,23.071911568463587,40.6280298451794,8.325100825757772,51.900247668074314,156.5245899383479
2015-05-15,101.87536124666074,105.30767457260147,156.4619091181137,3.0739212138361656,,,,351.83585296592076,2699.7899793906763,731.1902608529664,12.593418511348212,33.08674453127517,7.9901088376249865,51.99656012931061,216.9408698245723
2015-05-22,101.76796087691784,106.26941831626829,152.06911562280635,3.06570455877487,,,,351.20887519247066,2763.243751293557,736.1569016403115,10.866176133896662,30.78909314866796,8.41252347428623,51.391916565537336,223.84331648074857
2015-05-29,99.97941109756698,103.20974855533953,154.23478486653235,3.071727747466977,,,,350.1723313220981,2781.144721346408,745.0003510033135,15.493513289682438,34.18797738471614,8.773664970937466,52.28564901538894,185.189872965684
2015-06-05,97.14672840073565,,155.68150725993834,3.0647153657685546,235.87977301979763,108.38660699764539,9.402607233230986,349.3366426282273,2717.4018700251436,739.7178315891389,25.287075495494605,37.21063092598062,9.081577416086807,51.21450541823042,227.91338011630523
2015-06-12,96.73161419614647,100.69015555627294,157.25768390882888,3.0688193865791633,,,,348.42242068919484,2774.8863698935356,725.9958816722038,10.921282159419677,31.076323715872626,8.441403502445286,51.287890956036016,170.7035588975904
2015-06-19,98.41687231586309,101.48907798483667,159.39245624341984,3.050948546972664,,,,347.76971753562844,2755.959784967067,731.1280123076025,23.011061185824325,36.43840143765867,8.60255765088297,50.47561887121383,181.89392911599896
2015-06-26,100.10239622284179,102.80802938756464,158.2968420775784,3.0692192008738592,,,,346.9106789068867,2836.7723406002206,747.3586468755448,9.0,33.964038648739574,8.271785054136343,49.7955636802936,150.45924339141098
2015-07-03,97.68446199688769,100.70271349439216,160.76618926667413,3.0905930118526195,236.35425202535748,108.14990228081099,9.512639518865832,345.67182868267963,2824.1156491728884,747.2386509747048,21.781488259941558,37.672577315922375,8.636793530154227,48.95037142664374,233.34100835594327
2015-07-10,97.1299134651508,98.55393787728391,161.09736966439726,3.066568104186181,,,,344.4879571969969,2785.9032234100277,758.1647487091485,22.583540920490293,32.250218644795815,8.195322088336187,49.5732931326037,165.9070085695558
2015-07-17,97.1040684047971,100.8116347548154,163.89467944900568,3.052001064132012,,,,343.8181561947616,2753.975101113223,759.0353677131699,25.44720206217308,33.38465934587826,8.00812452016953,50.55261332464907,220.96908317923945
2015-07-24,93.93236513685923,96.64216392964013,167.76142004585924,3.058464002969081,,,,342.81046899636095,2722.069025522964,760.178601947516,24.37634467425227,39.89276313524088,8.0844789804501,49.406380452317265,205.5159241900881
2015-07-31,92.33745256206515,95.00481506569982,170.00890276497725,3.0476718577937745,,,,341.75178285107876,2845.8340818258202,758.5268179162986,9.9820518624949,37.98169365773556,8.560209087230875,47.764460022766514,199.12040083921391
2015-08-07,92.85281111047125,94.46277149066525,168.00948597363612,3.05190259800704,237.35179571408148,107.74678543194973,9.480560937004364,341.0376614996506,2841.2850967490585,779.3410606360003,22.932876338952006,34.859762273074985,8.689603509594342,47.48834748300502,186.19194897387734
2015-08-14,94.37449162695431,96.50087347640205,168.61376829372702,3.0590075041734996,,,,340.7313873686329,2842.5287930936065,777.6313889854084,20.799656974226547,36.19678681450209,8.69210079990759,48.53456488421994,182.4102239152223
2015-08-21,94.08798030539357,96.99377124226721,164.3822378010858,3.0909173142673847,,,,339.71175847389236,2774.732017305455,780.3866107047355,26.57180833933403,32.22213821140486,8.65142851237735,47.42159371620278,158.38815908625853
2015-08-28,93.74256846492679,95.91105672990288,163.37878307926363,3.0743836080301112,,,,338.6937995289797,2748.218747136255,773.0412114658778,21.344046796130115,31.78493236784895,9.11234814716562,47.580597309824014,170.9460770291974
2015-09-04,92.83299577277079,93.29851406299608,158.96380172194102,3.0727568447529143,237.59443087538133,107.35008983876504,9.530040622975882,337.75944995542903,2731.539643328316,771.6972510778346,20.235736997724317,33.08470437869757,9.687749354267666,46.91645323120089,243.80472354237872
2015-09-11,91.25986240710412,93.44322647540743,154.60644815118457,3.080088312982724,,,,337.01028066478324,2734.5049770147675,784.2337877645516,17.302681222093362,34.17882250378656,9.676727812221438,45.88538044515877,208.91920659934036
2015-09-18,94.5055271793089,96.53485663035805,155.42924335126648,3.048466345419345,,,,336.1526820613479,2716.296433640297,783.7632205856626,24.929843096697482,41.63874253369532,10.247504857489755,46.78064488898361,221.62145848415707
2015-09-25,91.94647342456128,93.17196390801372,156.90044509966128,3.0745580060917996,,,,335.0060614402758,2683.431268568749,795.5050539146835,21.668193160596655,36.71689862594457,9.334882952011,45.65503900636032,168.13123110298002
2015-10-02,93.0911758955743,97.44866074434304,157.99967839769792,3.048390409527032,237.98795954482833,106.89953398127857,9.577570679628185,334.22300517884247,2658.842388024427,800.1845683734473,26.01952646146959,36.89394120205327,9.04757861440021,46.23202544320683,203.03251749486944
2015-10-09,93.25140115200709,95.02921867142517,156.76675290972614,3.0409821223040576,,,,333.5182018136109,2652.5505604963437,793.2195049391706,25.73330583669719,35.72669809400762,8.988871466011737,47.12266262017556,151.1475226908755
2015-10-16,92.51817608061681,94.04669512566025,156.61293318146014,3.037698279861137,,,,332.702130750847,2614.075970319274,814.4045843847454,30.166960509798134,37.59245001939361,,47.63407343144127,177.87879743738256
2015-10-23,92.07844265756918,95.22897776303518,155.4705495681665,3.061125075326184,,,,331.96015410111704,2634.267407415634,823.0907821554251,19.431486313198306,34.208019113701354,8.885177840903562,46.69424789299895,180.22496106119613
2015-10-30,91.85945665115038,92.47964276215292,155.43343363406942,3.0605604222391722,,,,331.44449933955025,2721.623113573509,818.6511725190917,12.1122558089782,33.79000624277016,8.969158213191932,46.70911501211087,205.7045722384712
2015-11-06,92.29565661693952,96.29001934236211,155.77390208032188,3.0597798602062887,238.5135727822106,106.27978851189302,9.6466930765617,330.7470781375388,2663.018916429702,827.4576148879328,28.598691276818514,34.42106608025155,8.215458610220512,46.10224587597935,227.794226805864
2015-11-13,89.7210473253071,90.57202725179614,158.72710459597562,3.038947739230585,,,,330.2348995108455,2726.6691154439804,837.0101239840628,18.78664675504163,42.13934186517899,8.296459953943668,45.29927852660036,190.38402066094892
2015-11-20,88.21739812273857,89.58532324913405,158.1917099819916,3.042120606405584,,,,329.3377051196044,2639.0264090301393,833.1381615423019,35.38355899217025,39.43982689052593,8.493978950918535,44.82796942033012,224.08761526169624
2015-11-27,88.95675138869285,90.68744919640645,159.42136090316941,3.0137303792886954,,,,328.7040020266147,2806.9393033442902,831.6444354121348,12.80530859959994,41.37660531209032,8.921165329185555,46.129452498805165,217.41068515313475
2015-12-04,87.1490307886864,88.63857812200321,159.26906844788058,3.032438033896694,238.77833962576705,105.75532716644187,9.701120322929725,327.6760629507341,2743.9579814048193,843.7695515228139,33.98907962092646,41.304143204441836,9.046947345287938,46.90598953313157,199.4152633905099
2015-12-11,85.44754996613233,86.35960785196062,160.94592443835828,3.0199953223966713,,,,327.40464839571104,2716.034520941077,852.4029586962712,32.5958000229662,42.689225626302765,8.38655822175702,46.28620098066311,209.8075397807131
2015-12-18,86.63379712743449,86.93168556138022,165.78321340726353,3.005683833225654,,,,326.8922699372614,2761.6713136290227,863.0980874098831,27.422543875865696,43.31418687815253,8.713853755704992,45.66164927217616,175.93578349577604
2015-12-25,87.42918943544035,88.27719613844353,163.96651212160216,3.0224374305518875,,,,326.2700814035934,2693.107677180955,880.6667602100537,36.74148480892405,40.14356336522261,8.092775735516383,44.697439947627416,219.37875371519726
2016-01-01,87.13071842448507,88.54318632432923,168.6626151628775,3.030011936890745,238.8650821911913,105.22081874599841,9.610087690657947,325.63955729134227,2719.384575394467,892.1340450385953,24.374400522300537,37.610560830450396,8.20830801694683,45.21502776854406,231.5066355862956
2016-01-08,85.03685249580695,84.70727694341527,169.0759097380243,3.0021304921815104,,,,325.39228788014185,2686.6867603211044,910.8174469373192,35.61447637681245,45.341732829581986,8.309275634819304,45.199628586311945,212.92801335430082
2016-01-15,84.1354858220359,84.68203588423538,170.33797454098013,2.99584452291207,,,,324.95831235428784,2724.645964342651,950.2013711790462,29.202026501046717,43.285019613627384,9.106850540952756,44.34796149066098,209.4849246626298
2016-01-22,84.06626190124736,85.26257014620042,173.046476203341,3.01394884556142,,,,325.00945538084665,2720.0626011958266,978.4175165087237,30.222518181075145,38.65937478789915,8.79956561480446,44.36124288362133,192.91048453655264
2016-01-29,80.32220774081632,82.37922329210728,173.22477067994285,3.0231983605811634,,,,324.93660338707485,2756.773493097065,1011.7296601246375,24.612337423643723,47.779125992174855,9.127703525449547,43.76302009096352,170.72323465776594
2016-02-05,81.61579227309916,81.67456727519166,179.2446382066359,3.0147604046848224,239.78694355823407,104.56066344899497,9.570216536623311,324.2709760525999,2769.345284875471,998.7536329786337,29.35814240759663,42.66361327540488,9.412455912048106,44.38611685654277,160.23382532279643
2016-02-12,79.18086367239148,80.87274513754825,176.3133160048182,3.0415546653238335,,,,323.4600025681445,2785.2200864090655,996.7879871555573,23.902625333335955,42.4083306682264,10.339406086252836,43.06436373639145,179.15962209883017
2016-02-19,75.99662425274211,75.311150637592,178.8809823837581,3.0175464185178744,,,,323.1599325230066,2900.751072623941,987.4100756752251,18.169319687495552,47.93816618888479,9.88074378128189,41.855034475986095,190.71682603102468
2016-02-26,77.82356519166382,77.43731131938763,180.7747109920167,2.9944610509158247,,,,322.64986203644764,2933.3997436369673,977.2852906757306,31.19230067359662,46.926188278966855,10.841344063270604,42.2742925880464,191.05248386975398
2016-03-04,79.35051860076216,80.41313754245083,182.37651871317362,2.9997260295739507,240.2089722173408,105.10642956997023,9.684263751290189,322.25972426725696,2940.2411026702275,994.6418163224441,33.6424920310097,45.83565194429095,10.398439561622283,42.49711245304197,116.44506138445115
2016-03-11,78.30453820727391,78.57902529712669,185.15677102169707,3.018107797628155,,,,322.21963505405745,2963.2130833726596,1000.2097800385529,28.308249207375724,42.014624658677775,10.54505790582964,42.76660252842751,112.65619320391782
2016-03-18,77.50602686172205,78.43369025598979,188.3758951026944,3.0695652103020588,,,,321.89432630606956,3031.567148920347,1020.2626783571822,13.02501702474732,34.16608401116734,9.881729861903825,41.302282028488015,131.70140034941755
2016-03-25,77.02646850237419,77.73917740574599,187.47974401592938,3.0515599997459297,,,,321.8492600263791,2937.673413490881,1015.7105726572303,32.461507411915505,35.38076443281721,10.53573967444327,40.688858010520036,114.28146825292367
2016-04-01,77.95459949687375,78.45724544196239,185.62455432614559,3.0539584580010124,239.98121540126365,104.63842167962473,9.760559908476013,321.4737763608447,2942.001637911259,1020.7743043718791,22.286397853743964,36.453766380500525,9.786980985906025,39.77526709127261,120.88236849016661
2016-04-08,77.41950993597517,78.15762305992847,184.07238939684157,3.055782687374928,,,,321.96801470790837,2916.3829659813023,1030.6609721704285,25.4695046105211,35.41244080482571,10.16415014544026,39.171668794186424,105.50965940474258
2016-04-15,74.73847224007463,75.41197014579866,185.7108547370673,3.0518513210217235,,,,322.1522234155517,2927.3400423534363,1060.0156981300042,22.843871265048776,42.39956472201692,10.416657212413146,38.86516642316095,105.32276376499536
2016-04-22,76.12868916246809,77.11728348066812,185.0150824589577,3.069128213290984,,,,322.2283945533551,2898.6697658403086,1050.1593151896404,23.848246559132793,36.65169356540213,10.210101422781612,39.12398317754522,100.474379879016
2016-04-29,76.60421276625165,77.13189181044415,187.08722838211142,3.0644663672449624,,,,322.35791673010743,2929.92234128815,1027.178961097295,19.033035782924145,34.87006951668767,10.108536608141813,39.8488648010578,104.83659910110809
2016-05-06,78.81729198247224,80.88209007779388,189.67513356997486,3.079750772860575,240.4807310038314,104.12396908305266,9.639907584988556,322.6447309123191,2989.9634182238888,1019.8472215661146,13.2558518185191,37.82662337881435,10.564276786767905,41.200254120242334,103.8017529185097
2016-05-13,79.8741530109495,,186.34307188602688,3.085176190011864,,,,322.68984733546785,3068.3183221806944,1018.2258251852261,10.041676718871717,33.46519082701349,10.064706387638882,40.43309432734841,105.12122948891285
2016-05-20,83.21240125429793,83.28138854656255,185.40925494163014,3.0645201409505645,,,,322.87962015428536,2963.0565000348583,1033.1573195551302,32.31581521024411,42.236582055966416,10.444840276213746,42.17864620054411,103.18856943895116
2016-05-27,82.2247783347901,82.98506572656571,180.5867917989808,3.0568423370651323,,,,322.97248057368694,2877.59402725705,1039.6992340593472,32.00043270975893,36.77366133123281,9.301414503666456,42.01888410631821,115.71165493079916
2016-06-03,84.75980619469824,86.37665957128365,183.58835538110043,3.057368097197629,240.7189467903552,103.78300349990843,9.772536816264575,323.78015983478826,3015.726345375534,1030.3870925934912,9.0,40.525969289518635,9.953741582398537,43.04156593546077,103.67971666914706
2016-06-10,81.46019280387638,82.6604029120144,187.81943402344385,3.0610011761164055,,,,323.7067193995404,3000.5508280009512,1031.8973631972397,23.72185335253042,42.207804568251625,9.907870442882073,41.457093076686675,120.60987705070802
2016-06-17,79.01307256106158,80.78117670968543,193.72116360732718,3.049950518153232,,,,324.2567731329258,3006.8871808434637,1060.3765824102197,23.682122515633875,41.58690307054732,9.860673578955746,40.43447415506585,116.18953878034898
2016-06-24,81.92986540493055,81.57209064203137,190.95925355428008,3.051206972904727,,,,324.8189341954766,3062.1674269334603,1065.0672176657965,18.9426535947781,42.91367920650805,9.304919776675565,40.404021805777155,142.1619546254947
2016-07-01,84.35411972532197,86.47615385357228,198.17625621048916,3.051903896018913,240.937485030831,103.51566758366083,9.770796433115848,325.08567077268054,2973.365525151122,1091.1692715941808,33.32552005282556,41.413196845377406,,41.75704312021231,110.87939525226508
2016-07-08,79.12516255506175,79.24308942628267,200.33924477559876,3.041441022624048,,,,325.3429238654096,2914.3242247105018,1104.0776422131698,32.86159734421118,50.64149153166041,8.691764585088276,39.74572619243201,123.4489893656691
2016-07-15,79.67565066310702,81.32699422133942,200.60450920062732,3.054381416505455,,,,325.72053349698183,2895.6767263449324,1126.0549001992833,26.57638231392263,36.62571000221666,8.629927992710346,40.52966677635318,106.02322581421627
2016-07-22,80.18228456967736,81.92953969592156,202.51406249473837,3.0514957108023735,,,,326.6406224480664,2883.384644550608,1114.9013687932504,26.994837954248204,37.20690883471046,7.988570408983364,40.59561375862991,115.68769448916052
2016-07-29,77.71863005852552,78.17915168414555,204.70436644104822,3.0273341304493036,,,,327.1059023611195,2892.6834166573544,1119.0787572693673,29.08048812970292,45.56328346922841,7.924067505992014,39.985501650864656,132.36196124567093
2016-08-05,74.19062274357722,75.19347878436592,209.95181695139027,3.0354712558681185,242.64485983338096,103.29735711294443,9.767174307648313,327.46720892980585,2982.3380779395325,1113.6483524817459,19.396109924312213,47.92259674255652,8.14846922584474,37.36448973853128,100.55322129080896
2016-08-12,76.25778046199525,77.41050016578443,209.19316590771427,3.040420057059982,,,,328.1750395770069,3089.294348229873,1121.8844587172507,16.4812067820756,42.74713172011653,7.8936606631838435,37.52142374406879,106.09119223894483
2016-08-19,78.80662712676303,79.78220216779938,208.93926306166915,3.0881220292283365,,,,328.83923133852454,3086.5812301562005,1152.068351656738,18.107577778822005,37.79574340647768,7.901116560212325,39.37999460631851,103.85483912131451
2016-08-26,80.30013128738099,81.21782572551935,208.01347888540306,3.100059635726777,,,,329.61738128430585,3286.51665649623,1137.3891034513736,9.0,35.0770266537041,8.482732675453299,40.40235783688256,105.65406291493106
2016-09-02,82.89047358804082,84.31856204939498,204.51389190099377,3.0871950021550942,242.17624272845916,103.2227268821224,9.866694874287665,329.97422821972674,3416.3114470813402,1137.2648435422714,9.0,37.58478035905249,9.073166765536861,40.39099028711046,138.70167735307072
2016-09-09,83.1322707102631,85.17732649414837,207.1586461171195,3.072654709866018,,,,330.60942214927366,3489.1258948791956,1128.3617985260714,13.829010680623789,32.744787831168956,9.04689766390544,40.05967933877767,112.95937117041807
2016-09-16,82.15860843746145,83.59476217376964,209.12101030028762,3.081176161893368,,,,331.0351751443386,3467.397611444258,1138.7233927703107,20.95945346870571,33.98214910294667,9.36300487766436,40.43458310692409,109.14490717328282
2016-09-23,86.73020003789904,88.46924714717017,206.52314781427887,3.097450201731526,,,,331.6616222228021,3490.2702077779672,1162.5865262114028,15.42116685082946,42.17552199062857,9.088995212296794,41.4894770888694,110.86802833243507
2016-09-30,88.38966743749933,90.82479382053234,205.17475410559075,3.0924330676797753,,,,332.5030490472881,3588.0645038873117,1171.2444545856297,9.059304425571517,34.40260000818634,9.154604814482372,42.32159108060977,137.43689627299383
2016-10-07,91.6658606891267,92.6673081064737,201.14599221912383,3.084413656259216,242.38925802742796,103.26044868306421,9.920849493942868,333.60906127633496,3652.3083640187783,1189.2689902967072,13.006965117397455,38.8941579708035,9.435945039971152,43.66933941072685,100.76256738826083
2016-10-14,91.71146944087903,93.257379797566,201.90665732579666,3.0881706521550107,,,,334.6285735367005,3805.5275530126755,1165.778909342915,9.0,30.622587771464143,9.309656638305798,44.404007091479926,119.56388369417971
2016-10-21,94.23934562140334,97.20605524442728,204.49246676445605,3.073795982143791,,,,335.505016282767,3834.5010912678863,1177.6184473770531,18.753358705068074,38.6677189440783,8.57459085688747,44.543760666205074,103.0295440199184
2016-10-28,94.63652792955043,96.3095165464838,202.96651272326716,3.0967508223563693,,,,335.7944717657765,3943.608418342527,1181.08350704399,9.0,30.957732454065408,8.45472248600473,45.18077528818581,109.49582047765993
2016-11-04,92.22175899296113,94.25172335439265,200.4152236043508,3.105773947205229,243.1047167093734,103.39686804587011,9.92444300817392,337.1926833846977,3955.163771953929,1182.1166136843717,17.860922239545225,36.84555562493141,7.660616863914319,44.928761807923635,139.0408245716024
2016-11-11,92.33022025770879,94.89303533924648,206.74739877381208,3.0877992911843335,,,,338.1557946962955,3909.4208640458287,1202.1182555453836,22.198950491925714,31.398002625915357,8.032159175246615,45.29173216440431,108.75011481011039
2016-11-18,97.09223522549068,99.99730422093128,205.60487082836863,3.0936989716936774,,,,339.4084398511136,3875.520853831386,1228.6586736311026,20.033916092900316,41.34455385586828,7.574555787937404,46.49038110349245,105.42874052583923
2016-11-25,99.69159089117717,102.12576379254301,0.0,3.1013028130044615,,,,340.01984612068776,3905.2294573485524,1241.0598947830247,16.532903932408438,37.028280652494374,7.650304201452849,45.79997606280963,102.5595764801721
2016-12-02,102.861858985088,104.75699762599372,202.67164793744507,3.113455817972909,243.78075371786045,103.62643204079333,9.880513504005162,340.8411003649739,4009.836312675755,1263.115168652317,13.145042859436273,39.604032872407764,7.836384946753558,46.932421033063946,125.98199756355035
2016-12-09,102.491445407861,105.11812259807759,205.66358911746323,3.108392628956063,,,,341.7959657813386,4097.383200533589,1263.2496713435378,13.548732958223507,32.81244344673684,7.8625707444662645,45.53412329823158,135.50984435738286
2016-12-16,101.27859628831597,103.82616777584936,205.5927639599377,3.0842288163251315,,,,342.72761538380644,4051.5711076717903,1254.884260987468,21.988414933210738,33.69578361955312,7.821702258062033,45.23008484852788,106.15003807152884
2016-12-23,102.61509052409649,105.04008748098988,204.19635637873816,3.088942292919449,,,,343.7179371636459,4091.880154642551,1270.1670441352746,14.39923277594709,33.13029941130964,8.901454982306591,45.967244715410054,113.56850908886527
2016-12-30,102.6407076331866,105.2960046426314,203.24186859620053,3.0560786723679194,,,,344.36579795558583,4274.478617726588,1272.7473228986094,10.88509904107961,34.70982875157282,8.865796955682013,45.79788009130256,116.14499200046981
2017-01-06,102.684771515725,104.75337050392297,197.67910123859335,3.0604129563819837,244.15072694914295,104.03878611334378,9.968628718738978,345.0714368267785,4268.1700736035245,1291.3285366645805,23.32757743909174,34.01742057987824,9.608974624678341,45.53524812429246,119.72757275582941
2017-01-13,102.14009253181487,106.43414120199569,199.38838080259222,3.0454455831111757,,,,345.75779794259387,4370.459841598553,1315.3967759235234,18.386627511655153,36.831097657643454,9.93592896938381,45.52924894884342,111.85908221167294
2017-01-20,98.75690313196623,102.22485328786497,201.2230462814849,3.0455459250803254,,,,347.033227553345,4467.0667369542125,1325.2822657787742,18.85094495227238,43.017198204912745,9.830982825527254,45.233705510167724,124.71020053384454
2017-01-27,101.70867952992805,103.11133387950227,204.50235493174662,3.045703438913381,,,,347.4496716472863,4506.92527154026,1323.7266546790104,22.431911386816367,41.87720463973414,9.50950954591333,45.167875573161,126.5602612508394
2017-02-03,103.29002684053016,107.62145492763125,200.86762656411992,3.035758853205802,244.2263283481787,104.46179520270134,10.018151734430536,348.28834270055944,4629.624174556835,1341.3152995898597,19.66242649331057,40.54125703207365,10.349731671825102,46.48073832429606,122.30079202883135
2017-02-10,101.73499426967007,104.72100396724822,197.48217478773597,3.0629089845184616,,,,349.6046637203993,4515.732963143005,1357.4063352486385,29.96788616883816,37.000909053953386,9.911098394007663,45.24657396076503,108.29979248181994
2017-02-17,100.96672307190283,103.50333519225087,199.56992275161554,3.0439102496666193,,,,350.8561784813197,4588.0314961593385,1375.8377346776879,21.36985967706967,37.75762673363564,9.425418332537088,45.68047400371478,115.0564077243508
2017-02-24,101.30366214868486,105.26045027170241,197.61343761826438,3.037114722036267,,,,351.90820312164783,4391.1610439798815,1393.8228313658303,40.5524421469663,37.663094937736574,9.894951043391252,45.29397381180361,135.306921644719
2017-03-03,100.82408331191577,104.28174166937306,201.48949818983476,3.0357969475031967,244.43509162173527,104.95893494118597,9.906032139453083,352.8193980884257,4348.318402987494,1389.063726715687,30.399838235834657,38.016300311687345,9.258209445205004,45.911890125978175,124.9224940244003
2017-03-10,97.65856148949679,102.1568401327866,205.67293793768266,3.0269229267753452,,,,353.6993158747625,4325.0884227359475,1414.2874801080097,30.530239639084737,44.96681986232417,9.16184852316221,45.92611009477655,122.72238129972135
2017-03-17,88.1461743497764,91.79315636284845,211.38313694182935,3.023389873558316,,,,354.98402017297695,4290.204167201673,1431.9001887821382,32.47524027432612,61.24295498372602,8.686609625975926,43.111872751170424,114.59559069929833
2017-03-24,88.37781916299666,93.10034747171159,210.6694434761308,3.011958798744118,,,,356.09424174107323,4246.265013373128,1458.0902228203272,35.32321988961639,40.73396384268842,8.402782335090658,43.347212020688076,103.4868019000472
2017-03-31,88.75660613532305,92.80147356462311,207.7629328705641,3.026923887202886,,,,357.02102459183163,4400.148380506241,1464.9849424817348,18.18745301941426,38.85223693682579,8.269678091505554,42.995452680932964,134.37400036538884
2017-04-07,92.69152005970459,96.24957973570723,213.9140055177646,3.0093198587251675,245.2020639708729,105.66944611465559,10.089920917807925,358.2622910882097,4384.699538013778,1474.5183830475753,33.73898733318802,49.9993015142939,8.093178388837593,42.0850618446179,100.49317433186951
2017-04-14,91.40647805008358,94.72924279920649,220.13018712301823,3.016050893418676,,,,359.10413101100056,4422.351077267498,1485.4509347473859,28.748838667667282,42.61397368169034,8.918029791910376,41.947157731484964,103.88907834154809
2017-04-21,93.22822366580678,95.97214716368165,220.07339895593336,3.038463944626235,,,,359.84152154676894,4415.228669494872,1517.8168540476536,26.917952432279378,40.63111274836262,9.095033082757347,41.5295602742216,110.86219074202225
2017-04-28,87.48299004443615,91.53995839005462,223.52360702180064,3.0439637613882633,,,,360.4343000846628,4343.5834193458495,1527.9146299180338,30.232308937846938,49.542898592980606,8.928287030231754,40.043961387964835,126.65993003513198
2017-05-05,85.43850590966588,89.6765043328211,222.30834867774135,3.034470105910429,245.73120026586943,106.29506434262989,10.107537940252733,361.55184785092786,4219.653969896665,1570.3950396273342,36.32961503930137,42.299546537806016,9.361895600752343,40.04721094959048,100.81065382276422
2017-05-12,83.23094730179771,85.81596946749539,223.5482448393458,3.032072357342428,,,,362.4806991690312,4253.2761376724,1553.1598732246919,26.105615098301655,43.41677529586326,8.973740826061453,39.37855984927819,139.03940304638937
2017-05-19,81.72534978058161,85.04336429928071,225.20995083954207,3.0132672249888164,,,,363.57563714884606,4190.552332096537,1526.562875082018,36.3522948437649,43.946232813641465,8.50259186087465,39.01967497189731,110.69453357688796
2017-05-26,79.9799647222231,83.24706980572691,221.8978422366993,3.0256421720908735,,,,364.10673757733707,4213.065818678662,1570.502419520483,27.9348003937047,43.11085415764087,8.308590240310696,38.48816446749177,106.27182799348081
2017-06-02,77.57076741545936,81.7407145146876,222.93765810471692,3.0266052970668116,245.86501320542035,106.95764946843786,10.064598376152393,365.1090464956494,4226.666829286834,1572.0388461543653,27.6257649307394,44.45727515406101,8.729700848976018,38.77526059052138,108.24429669863646
2017-06-09,75.49970770435958,79.2561413248001,221.40370418319378,3.0265410482279136,,,,365.89306721643044,4255.849337174361,1602.306690796292,26.61077182362654,43.736921546755,8.019139405750314,36.99815241040692,133.81692678077127
2017-06-16,75.57360935914645,78.6722001389034,223.91747680264143,3.0142270625631875,,,,366.9390211643045,4150.719026558054,1628.6298857791448,38.642545248810464,39.641047045934485,8.304110479996787,36.120972168158104,111.94474370729445
2017-06-23,75.2732052148879,79.61466783788119,223.83626643782156,3.023787678801089,,,,368.3599350088733,4220.599655504884,1606.3136949330758,24.346707122361842,39.11317220494269,,35.202034272314634,124.922893245805
2017-06-30,76.26569884620503,79.78340327543818,225.55855197403537,3.0246876892620587,,,,368.94627615344524,4127.909900253516,1594.9673731703256,35.35502878785662,40.677273814212256,9.230679322832502,34.453247175324755,102.36727054732863
2017-07-07,74.14118818254455,76.9110981192051,224.07682920997783,3.0359473499539833,246.33247476402988,107.81684331523977,10.06319740671214,369.74713652721994,4156.167119257762,1600.6995933131986,25.437598127094095,43.20493446784808,10.030046332654816,33.904691672701276,115.90629858980034
2017-07-14,71.99458064714709,74.51596024027269,227.7623868379314,3.024157202845985,,,,370.3177134247944,3898.640294331542,1611.0456454883413,48.784923499052695,44.86054498264331,10.213394576950574,32.94413619899548,116.2511022452795
2017-07-21,69.2783503846286,72.49711049870616,228.70454171833182,3.008922073102351,,,,371.12258054231495,3966.224770714642,1629.829158015423,27.51638702737027,48.90914203119263,9.976616608260766,32.62404269619742,100.64135350063182
2017-07-28,66.65603921265999,70.34663190925548,231.71933287499803,3.0062034714397132,,,,372.04643415792987,3920.0124447076964,1644.8364087718755,37.262487985842775,49.6534463846902,10.324795181811028,31.450393351679175,104.66085275647063
2017-08-04,66.60574844570971,69.59963165199403,229.91695369313337,3.0218233667005907,246.86874193139715,108.51148431052174,10.076833611658333,372.7602238754039,3910.0017853952504,1671.132512578073,30.94880549756076,38.95385273478655,10.670009533957597,31.614504598578748,103.08270765691464
2017-08-11,66.61336683208712,70.19649351211963,229.1872949396356,3.012771350231905,,,,373.36815010813774,4118.679353158226,1674.2344246751159,16.432267670461602,40.045621211408275,10.416624320288548,32.58971849930383,124.82679418281006
2017-08-18,66.05803430126629,69.8233616954577,234.5455063499579,3.0159809122272696,,,,373.88312404528756,4066.4792018143744,1668.0522635808736,34.401156407469145,40.89152184581539,10.893063668163789,32.05877641045842,124.40137025092218
2017-08-25,65.03871558099874,68.10100328287957,239.01598553382163,3.0021148088150653,,,,374.2312474738759,4174.621707352135,1678.3312050018865,26.241641447799612,44.8315387131819,10.299296731407741,31.235791213797768,143.59258497306627
2017-09-01,63.3955127841621,66.98644241350009,244.80002396453608,2.997090003439228,247.09713988854188,109.1968776664887,10.21678275308455,374.70608508008945,4187.758168177093,1724.1303022214597,34.32487032700094,47.80799351900505,10.153465391940935,30.25881339049938,105.47298628553588
2017-09-08,65.19993766760852,68.16360280738556,241.73537703314588,3.0080559761688965,,,,374.6343109293987,4224.991574340473,1754.9923941885145,30.78635393923971,47.13564112435844,9.76886732477133,30.145693602397724,121.33098750540421
2017-09-15,64.66445704512293,67.36413433063609,241.04546450140654,3.0330058830875983,,,,374.80185062570735,4250.129408590897,1790.3627416441018,26.89107378003485,39.594780935350315,9.627399344052105,30.413498664799974,108.8632538310761
2017-09-22,65.07857047594031,67.90819193270875,242.51891267693662,3.0508370356984726,,,,375.1285749064248,4265.216180156898,1772.0527665998497,23.751451253303557,36.61405006146523,10.084612312934828,30.127441998790225,115.42358374108215
2017-09-29,64.31156125319984,66.8738911912437,248.04295030638178,3.041426674215661,,,,375.4374355010358,4193.506285288316,1785.2308243928057,31.65210244064036,38.985234126203835,10.634334892161926,30.15923545614195,140.17988467625287
2017-10-06,64.3350379519701,67.6265167056797,248.7141331580884,3.0495502256335594,247.77790683580633,110.0188770551147,10.171230107562893,375.8043688356193,4240.9908854967325,1796.187712580094,21.895141894622242,35.595670483649,10.200107924432888,30.401300203848628,122.02406132974683
2017-10-13,65.43278859208095,69.20514020548501,246.20983930731524,3.083560778381602,,,,375.7357829586564,4233.707672944741,1806.0018233274736,18.900486805868482,34.6454284447135,9.557033386557631,30.624074695607135,125.364813163548
2017-10-20,67.28462174928403,70.5310401317171,250.1507417685461,3.0902143151663557,,,,375.6795445164732,4295.86215234108,1811.2703027968491,12.679353402100482,36.17420569548165,10.657804230827873,31.74790755509674,118.14086757802356
2017-10-27,68.21976089109342,71.43710247757856,255.793299399192,3.0982318066862713,,,,375.534814719564,4335.6207118325065,1773.5513634983322,16.198585243069598,34.344791047366805,10.03050765135795,32.18065367562247,134.55978031173382
2017-11-03,73.46346014618295,77.09864112989263,252.2029987390734,3.0860558347795637,248.24099315135618,110.6320552657052,10.199155922393716,375.79862106187755,4425.315321484993,1784.4147863075336,11.195601267417814,46.51760196519273,9.886910251124725,33.620869619104184,130.5931846673117
2017-11-10,72.48598861239208,76.66620413660212,250.21906567048512,3.0865187520476094,,,,375.842880451837,4518.3385078813535,1777.7139793496094,11.02725382480877,33.12559911240214,8.809426095329732,33.69702791106831,120.955343778184
2017-11-17,73.98245253817,78.43682509029125,251.72276398794685,3.0999765229946674,,,,375.6866806284215,4398.400937033929,1793.0867504209396,27.79257110585217,36.31001379716631,8.948853686869658,33.90098144818816,116.42944845101314
2017-11-24,71.78914534853801,74.91284691902949,256.1017020650576,3.087715622108698,,,,375.2512574217489,4427.549341862972,1764.7308383833551,15.443195956451444,36.90399069696803,9.220927679469508,32.86229310891066,135.28772003880238
2017-12-01,70.63359156258763,73.32162302504095,252.59246748713852,3.095793461046958,248.73170845267876,111.19203544445904,10.239712428366875,375.0747437412766,4558.227507440062,1793.868175015437,9.0,33.87901463064826,9.948787635035023,33.79121602274311,100.69832183157489
2017-12-08,71.37876524537458,74.66427613697641,254.61211314927888,3.089531023233923,,,,375.0503407544036,4417.7354488561805,1792.252708750153,26.926982838498542,32.66547360662968,10.13093678792315,33.764538471768965,114.51803336802048
2017-12-15,70.60505438718249,74.92050067440105,252.68983834990993,3.0986773528307907,,,,374.91509429575046,4355.251919662637,1786.2270810209193,22.231845522444512,33.03665424212421,9.925231945756034,33.70316906648291,112.20061470967468
2017-12-22,76.10688392524598,,249.461427806781,3.110542686625712,,,,374.4107278504015,4467.687694893669,1784.0761847494418,12.835104601692496,48.8292451376149,10.45490435066424,35.0498792602432,105.61651562234199
2017-12-29,61.89067240878509,64.15464810241612,254.29246948688936,3.119876170279917,,,,374.74635719946696,4187.095613190178,1765.0525472637275,41.90600244830597,79.12050269555834,9.529726529904446,30.86185924235059,129.2346609664313
2018-01-05,64.37889116647277,68.77920309120223,246.46906697523815,3.0986262866606147,249.02844372897007,111.80006974396453,10.319820165528611,374.57127049072625,4284.3824150478695,1715.5819910499768,11.166755129910358,39.37657936494608,9.930086794068101,31.6435378952933,124.76614614330535
2018-01-12,62.477040774390105,64.77517008924546,247.14737814931436,3.1083012157511334,,,,374.1387230598062,4199.100591466195,1711.744171365199,26.268736990512597,38.75501197001856,10.480445854266547,30.82146318109489,125.32767795904206
2018-01-19,63.63144965827749,65.99877448953185,244.73817921493665,3.111019798138986,,,,373.81532962364156,4231.139659330208,1683.2509922460054,18.867844118250087,36.79334742657765,11.348935912628379,30.669318327142197,115.85122059722298
2018-01-26,64.76845386800555,66.97211769426303,246.17237425343586,3.1032669885446893,,,,373.31654131946306,4183.717080664211,1650.6707566475125,22.873206957415178,35.557597257004005,11.074806033819993,30.44982693020461,109.03345915518146
2018-02-02,68.49857822021116,71.8891764705735,246.90914283088995,3.105292369099334,249.1897735797406,112.20124454867083,10.269365306314874,372.7709686587407,4154.747491153223,1661.077681523812,21.912638189255937,44.20415395100042,10.54855616462999,30.73053183484049,106.96359123906313
2018-02-09,75.69029538490173,78.87416175532147,242.30525502762936,3.1190284899136347,,,,372.2863154243808,4337.313457012107,1661.4996113726768,9.422995966693477,55.51349284762516,9.782275011534875,31.773197454008404,102.85244180142932
2018-02-16,74.7500301859116,78.51288899026866,241.51253744438503,3.0967623817385377,,,,371.6004028807252,4405.04720436165,1675.4182760660174,13.785273914960902,33.7060912077845,9.82391861418488,31.320830286560323,127.39564858844355
2018-02-23,73.53923153966912,76.95705859869626,242.90957067361632,3.1258235496921927,,,,370.66534157340266,4211.965861964879,1681.4713072561774,37.10227577216787,38.0299497196546,9.812390623953279,31.149590395701008,112.23671583432618
2018-03-02,68.17907325855879,72.13961712480054,250.91510715211882,3.1272330442591416,249.89450383222498,112.51829566255863,10.304471933122754,369.8943010230596,4163.215242596327,1675.1655670344833,28.194708396553935,51.78467267975475,9.817477287552963,30.313949099524237,112.91315844869145
2018-03-09,67.84114833880417,70.92021243472827,250.3614543591083,3.110797880687756,,,,369.31841620203153,4079.120709507184,1720.6670149428537,27.698736853274532,34.14437389804178,9.547702993281874,30.670878910092764,111.87497651753982
2018-03-16,67.42349434377248,69.97630452070997,254.82082491837886,3.0911603129825065,,,,368.62792879475074,4054.9390187089516,1748.7706591182282,19.317559059279354,31.71446231508939,9.463271710417608,30.282965575571268,122.95255505186236
2018-03-23,66.28178668274525,69.95723813778908,258.31695327626784,3.0739495616493304,,,,368.27699358727654,4048.593064957236,1739.378806702581,20.420304311816057,35.724204586941596,10.082150467742961,29.612495070000165,104.43161884847585
2018-03-30,64.17220984999514,66.60574833270056,261.02979720795634,3.069684857522354,,,,367.2588593801139,3857.7020766581554,1750.265696223273,35.90845284201475,40.061965244681616,10.418847985857912,28.89825354381373,115.96875728850918
2018-04-06,63.12710859992252,66.77179798838571,257.9451833981828,3.0748271606627924,250.63629998859685,112.78798035810902,10.33129075286251,366.3899403551657,3771.4789748585054,1763.8224026209552,27.061879353601906,35.79941758439644,10.075459771222972,28.939319681891128,132.72932216422168
2018-04-13,62.91497871919716,65.4287037170125,261.36046737575316,3.0839259213842887,,,,365.56415250600986,3728.3956753781667,1753.2756022432177,21.628817343402716,31.528562933192994,9.148437865741107,28.48772356399113,103.341861831439
2018-04-20,64.56919861345625,66.79713102158692,267.047228137921,3.080036139060071,,,,364.72108219765653,3677.28159624601,1720.9553339796466,23.369191480775655,37.19498812324864,8.658601398181037,29.025281956078793,105.04683789412272
2018-04-27,66.33473742634044,68.4552882495636,262.984008709129,3.0597260387084524,,,,363.74595258136054,3772.185652019754,1731.505567156174,15.173712553036589,39.81340060990087,9.327938650401348,29.521028916785678,135.00682825277937
2018-05-04,65.26810640571762,66.69729673666157,269.00718696184435,3.068279644894726,251.50560101658564,112.89851696337614,10.403262912725552,362.88010245218476,3594.0805078423527,1729.7469310389029,35.79517977895965,36.42308575643342,9.928008801622406,29.03366212254553,101.5896506510367
2018-05-11,65.80303249421883,67.41127533381672,270.61207980994243,3.072394403756192,,,,362.4170196142307,3716.853559777492,1717.3473901841312,10.37845863641132,34.09923309119191,9.672389244385114,29.28749464621211,102.15522688104761
2018-05-18,63.044557765960974,65.77509571507767,270.3595233612745,3.058096580050611,,,,361.3728788246015,3771.724018158643,1716.4562760508506,18.883271811661054,43.6077750359261,9.486000013769802,28.374341224955394,103.21787382040256
2018-05-25,63.85453483150975,65.24498700161524,266.53371951499787,3.0588305938825084,,,,360.4806760269421,3785.427854186265,1696.493855774139,22.37955394916384,37.12020338730509,10.345399317029711,28.25829896672978,118.6492426970139
2018-06-01,66.84192845448234,70.01626482403765,267.5602841857612,3.0649866124361496,251.40182211951523,112.91460063227154,10.396128401593964,359.34529559432497,3788.697429872694,1695.335877094193,21.684255395599685,43.35455717134149,10.210114942542852,29.554990928219496,104.94784103905337
2018-06-08,67.08588179964016,68.77554475564332,270.4259746858333,3.0839256097273915,,,,357.9802701024936,3929.7979311159743,1694.2394128232402,9.0,31.576744325214868,9.320431055478133,30.032846407756946,101.47994929855295
2018-06-15,66.15222367306521,68.60052061328719,270.4559161111447,3.091121812112557,,,,357.0718701974481,3795.8701478832686,1695.554354190719,27.826694269814432,33.36625356905685,9.900561776114742,30.06137496244346,110.96354476756684
2018-06-22,63.78998714170221,66.07316517198616,273.82634975741365,3.1140359901850094,,,,356.1223577883542,3688.1182913994558,1689.4170871602732,30.185621403225795,41.03065489564362,9.929733606076152,30.276418777037616,130.50753451895415
2018-06-29,64.10513089850744,65.19689383844052,275.1968605401338,3.1281408067917704,,,,354.77460582622217,3632.0990557175346,1671.4239503589924,29.602872426923245,36.42498290105696,10.740280220967913,29.589373917301852,117.74046190711695
2018-07-06,66.92120017580007,68.6866914942364,273.34697046599365,3.106538351405038,251.58735519731184,112.80439099243549,10.502177272099338,353.8005092062248,3548.715556632542,1677.0853911104634,27.4626784964661,41.78822590134821,10.683408704964632,30.807749346098046,116.76369968859316
2018-07-13,67.11313429781053,69.4791018066982,274.6196722464497,3.1176498354954716,,,,352.7279480779844,3370.989832144644,1628.2975218889483,38.7957676748009,34.88472161631815,10.479016577913416,31.01059740005832,106.34425400705882
2018-07-20,67.40834493554395,70.02451063215898,269.9984684517422,3.1065029580206676,,,,351.95815953377917,3403.656254655376,1614.161468857004,18.533444658524807,33.91664919819369,11.219749858346661,31.177239096618507,100.59794544419302
2018-07-27,68.32373850035083,70.56497688275614,266.56422946997947,3.120288244992179,,,,350.74275911266585,3512.5137153117416,1612.8504219065928,14.331250660480379,37.484635213271844,11.715041180461245,31.777626443935958,119.65027545088441
2018-08-03,69.67090593718704,71.23912798508071,257.8001295853704,3.131362758950948,251.94390900538443,112.61681297229265,10.43160639345861,349.7371419871761,3473.323775378612,1583.404119559004,29.54355874930447,40.41400342995394,11.602638447092566,31.62381801545672,108.70120055345956
2018-08-10,70.23787139044573,71.96342399803765,260.20065915374215,3.1371857782349033,,,,348.483742695614,3439.7706945890695,1576.630844508896,30.276435278789535,38.692582812285245,12.080120433692253,31.785361336304607,107.44578000561707
2018-08-17,75.07845889646329,76.40274039173426,258.7840108206963,3.156213383548037,,,,346.9957539284166,3429.2621578691355,1558.028046214177,32.34050072821178,54.27719218990777,11.69305141045318,32.836227838715104,146.43881868399112
2018-08-24,73.2440234624569,75.96644653451848,256.9608697504916,3.1546753724084007,,,,346.2506099955181,3417.5962387660466,1544.7712911336173,31.604572899069737,44.496994132368286,11.29637833219966,32.154397567285855,113.63619365188428
2018-08-31,76.00257648855091,77.89327931905684,250.80291268435371,3.1580157904077284,,,,345.0558937397424,3411.47134605554,1526.1650073505855,30.906477234794977,47.04575966575512,11.554632951549436,33.001098936007125,105.34955363078912
2018-09-07,68.29511564542908,70.2055814672104,253.31549191043035,3.1533612434490332,252.4229695743621,112.26843753335267,10.554990379765597,344.1525447901525,3390.4869987106485,1526.549087187604,31.696577609224875,62.08807432743495,10.890671442858007,32.25400411154456,102.8162718545546
2018-09-14,64.74456542160853,67.22580036870556,254.91892944655197,3.150374861879649,,,,343.2964160225404,3323.80739184809,1529.6649488671508,34.59416153666139,49.502380241687135,11.169451555821409,31.275796287506267,108.89097154047793
2018-09-21,62.17099255318856,63.98790765979171,256.97376219470704,3.1421629795907844,,,,341.94663441560976,3268.7934120369287,1525.1916749637596,31.921417294104593,45.53308238870355,10.488830038443249,30.369784755444766,126.89147827118848
2018-09-28,59.988810532772774,61.96384878495762,253.05039342269785,3.1590194371140488,,,,341.1058961176198,3131.845306599192,1494.5812172518015,43.32950267804347,46.85399849232026,10.786059372243098,29.325305885087136,100.03535217989538
2018-10-05,61.390043482581014,62.845356981834534,250.23566804829036,3.1360171916751125,252.9276603975479,111.9089408191369,10.539402179709452,340.0758332258742,3289.4311284848745,1480.5333480834834,11.525480578082552,41.24848557090057,9.8889071722727,29.326956856313288,100.36880544516266
2018-10-12,60.21306766990069,,258.15800393951224,3.1580897601222757,,,,338.84292551707614,3225.8150264746787,1480.7691406971587,36.87472413231632,43.60283401085617,9.561132129937912,28.741754307583687,101.54876106495854
2018-10-19,63.76269207898095,65.95290785719382,253.52818241921798,3.170706872255411,,,,337.73834727873293,3243.829592842977,1454.148125375766,31.473669491017155,53.36425435096029,9.644710718185522,29.499457780715026,109.20986885668536
2018-10-26,61.67917327634098,63.66138383737108,256.8086917534751,3.1874305897276565,,,,336.81018376502834,3200.725733928321,1387.1529640736471,40.32722982982081,50.18490534069287,9.69311006204314,29.392181203912738,137.32427256533754
2018-11-02,60.79322818641339,61.657744155741966,261.26964962965167,3.1718541643967293,253.3443822265653,111.4887606050248,10.492965555404638,335.3909174148164,3196.7076420619746,1379.543326027797,32.773804125373545,43.447580614670606,9.72990369533796,28.53595974305813,115.04222999001487
2018-11-09,62.995804959454176,64.5114121120859,258.6461953011217,3.1796222186300995,,,,334.50217408735546,3122.5094470867434,1355.690979725927,41.23055146657454,49.286556050368056,9.96214448990075,28.58733781270553,106.45327914955033
2018-11-16,63.3963054068161,65.2203371590491,254.24434199134816,3.1815739404635446,,,,333.72463513240217,3159.8134079559354,1325.5287059726031,30.622390674021773,42.85103044908485,9.492920799076733,29.161705075364353,105.65086419106544
2018-11-23,65.47874619732428,67.2930436604804,249.67485979314796,3.1584381550294,,,,332.78599402637207,3268.584237940138,1322.8388433809534,19.689880645306474,45.672449684638984,10.667074561217408,29.272179838110937,117.44313282401592
2018-11-30,66.07178201177177,66.65365066893274,250.0174251020768,3.169762727115781,,,,332.149245210117,3239.302610295401,1314.4951553835097,34.91813243155218,42.12920053789965,10.714217462108186,29.31657690908002,120.2565488276027
2018-12-07,66.85357083220971,68.6544685264397,248.5759938317508,3.1687585311770596,253.897385998281,110.89631315786974,10.527670397950612,331.1809938769049,3300.9332289743193,1320.6686354053832,26.5709237037086,42.73789955436845,10.079626390973267,30.025732018131748,108.15422099122978
2018-12-14,69.67259162630039,70.06033906109427,244.9902151769015,3.160941309934275,,,,330.61794134221464,3399.730819018517,,21.69677001368869,48.11589013291822,9.83436789234123,30.47103317327509,105.45634636481836
2018-12-21,71.5385393839289,73.06316580873941,241.31055399630603,3.1490081004675745,,,,329.97169087423663,3328.7861988451614,1287.9625253052334,34.318234824868,43.1422330775889,10.154830147784756,31.383842017962458,116.20931038703961
2018-12-28,68.29389639835239,68.38068825952931,245.1745172527042,3.1426749544041828,,,,329.5068193847324,3363.7800400413653,1278.1073808649965,23.101075449095582,46.37040995062278,9.119427100359324,29.87566324353685,119.66177576536936
2019-01-04,65.030130839649,67.80541168317635,244.92275482447198,3.164614004260688,254.3563994102828,110.38452433837033,10.58768380856174,328.6469940999213,3384.601271940243,1272.8575686515244,28.974708673375865,49.99062027338593,10.219955917952136,29.456421333616166,114.2216891524905
2019-01-11,62.301584673041305,62.96952969583945,242.05553742288433,3.1593455658171354,,,,328.0209769409741,3394.6841922548615,1271.0741700562564,29.200788950827786,48.1588324845377,10.227964254063222,28.808691508421237,120.0026455095879
2019-01-18,64.18350020919084,64.97706438196403,240.70706798014942,3.1522705753277895,,,,327.7861531500377,3350.0758743022425,1267.462114131201,32.442523869310655,44.196515974063516,10.63635390602435,29.589861501572976,115.03255216953447
2019-01-25,64.9245100102321,67.00815838847183,237.16916985914827,3.135028083391961,,,,327.24227169660946,3295.480118129387,1276.898012921485,30.485872718574804,38.22974514334105,10.912172227530668,30.05495295053077,112.75186136515035
2019-02-01,66.81739973068443,67.05314690790847,235.98298345629271,3.147180305713963,254.9050273459232,109.85420349109842,10.644178747856623,327.1251144965067,3253.7239037431054,1270.9569346321118,31.892402015335307,43.70035415315132,11.217126471132394,31.070197984527844,119.73754157264081
2019-02-08,65.38700594357759,66.36507992566045,236.39781628437757,3.1430303154361368,,,,325.93803039183246,3155.9414705130043,1253.0557594489255,36.96115478127001,41.9655697379068,11.217678653557083,30.757800151234825,108.69479949863793
2019-02-15,64.88842747459863,66.14527191408189,239.6352207073686,3.1448256366903595,,,,325.0320717980937,3109.4378444789436,1218.0250868491196,32.406518985681615,38.985968484984376,11.303751146116346,30.162755144798833,123.08445313244444
2019-02-22,64.11345495256796,65.07812942135388,242.18843518298715,3.1163023454123606,,,,324.2507404106599,3045.9809004246713,1224.825161419794,28.185436791307836,35.97647454195538,11.560532365839123,30.486910783501195,117.8042683774498
2019-03-01,65.61903514290326,65.6777875123564,235.93638413123682,3.121373216359751,254.707201543886,109.31976761032503,10.681480982201103,323.73529742134747,2980.7188144447714,1216.900085038648,30.233341290947124,39.597074334889236,11.821079264730372,32.04085368505235,140.2050264426325
2019-03-08,66.2547782974441,66.86224169700648,234.85315849326702,3.146655799724759,,,,323.0454970950022,2992.46428103757,1209.5275557531404,27.92664980371551,40.19216881348598,11.473693525081007,31.991508044236873,109.99972179257699
2019-03-15,67.63318592754477,68.3761571390293,228.19834952800858,3.155062743095299,,,,322.7145182038806,3110.694490225009,1208.0515678291458,18.953301947972605,43.58202091499906,10.675046860054085,32.4978718590648,114.1032113640382
2019-03-22,66.98640139735733,68.67357597082372,226.08026206209732,3.1660412748966955,,,,322.51096219514494,3113.2039991145684,1210.7706729159422,32.079064676891335,42.32800361839916,10.629772492134723,32.47055940772932,115.86487788949421
2019-03-29,65.26326204202678,66.41535590794474,225.77204824198537,3.1631949467147624,,,,321.7751308682835,3091.6068408278206,1203.2089974844055,34.674345363933405,46.12388562177296,11.258642075649583,32.245886130996254,125.53063300658584
2019-04-05,64.84579546122511,65.33979750047081,224.9041872494962,3.143242926718367,255.93615525021949,108.66802893832786,10.59517792623063,321.5405124492182,3130.354274926699,1208.7968405225586,24.524490781278068,38.919154709398704,11.876748793565199,32.483358492184045,134.81071238518047
2019-04-12,67.03296820393086,66.98821371213599,218.03606401023234,3.108130134835558,,,,321.1311063914447,3271.430043401936,1207.9614554777133,9.0,40.44435480217787,12.831258529227771,33.868080716533676,106.37470252873193
2019-04-19,65.62238376806687,66.95231945492641,216.10558243751635,3.1183276590155593,,,,320.9750038331736,3329.009527926661,1192.315737108065,18.81589586165205,39.37901471321481,12.885236502841394,34.356816953598134,114.00644361901557
2019-04-26,67.85258195897357,68.28456866941691,213.20395335783257,3.127089733459059,,,,320.436388413271,3349.39001560688,1154.0840609976124,24.160966747501632,43.34719143384149,13.50483142965354,35.544483654961184,104.7622018829884
2019-05-03,68.15269180925578,69.92823745475343,209.41041360165426,3.121579727982998,256.06665940141573,108.17699528699198,10.68788400226377,320.57887082759487,3393.620919477562,1159.9427285735062,21.25475542229394,36.43125614170266,14.0,36.091350385841324,106.65730618616611
2019-05-10,69.26224046448769,68.73768069882618,208.87937275863266,3.1183131802577813,,,,320.65906882277295,3439.8266171110563,1157.9611567687834,20.497437929687827,38.58917597544528,13.507422517850749,36.5486338518112,110.25880106058862
2019-05-17,70.37007624940519,70.2422106455674,208.18273264317648,3.1153570443640652,,,,320.57452222343323,3442.820638887834,1139.6596138850896,23.73130329142344,38.152550763038754,12.481942940606373,36.868543723557536,120.32781452926208
2019-05-24,71.71728650721751,72.95456544704777,203.75760364340874,3.1087162603279186,,,,320.2205588175613,3394.8622951156713,1134.5470843404623,27.45782306339858,38.33831681940751,12.101346252211329,37.85317602269561,121.4533312330753
2019-05-31,72.7076285043129,73.98545870130334,204.54171574217312,3.0776966357994886,,,,320.24052053584563,3353.020149486058,1123.165437715974,20.748348541094526,33.035743880937375,13.030404740356719,38.551181384190194,110.1127885140996
2019-06-07,72.53292677594456,73.34953563756262,204.5228233002371,3.0863646836950163,256.8824561661173,107.62325886784355,10.743679491132333,320.1154022865627,3289.6354089371666,1123.675816996724,24.10665820302713,31.450076509782114,12.843852144435923,38.99832473207972,126.45317410784773
2019-06-14,74.85230662682795,74.78370585808433,204.15659850930106,3.100405426476481,,,,320.74278148101604,3308.423034534831,1145.6756231649263,19.298168631296036,39.595881823731084,13.587155809402592,39.101667316158725,104.9231730392572
2019-06-21,76.97901341564922,76.88808358066052,202.81726284371194,3.1041290802842294,,,,320.6525849227445,3288.147348554516,1133.3168842235066,23.624977433081618,39.35067843200843,12.59332155920346,39.25079570908621,154.81113747731072
2019-06-28,78.51449396153298,79.4414062975028,200.35869719454783,3.0895688890873463,,,,321.1003231287339,3357.4230724755757,1110.9364933734573,12.508317170630434,35.5205248948346,12.673743452874533,39.77788996442095,103.73793773543635
2019-07-05,80.11375707339145,80.75103774982355,201.7117210621282,3.101443835240539,257.2176708831509,107.24336962562684,10.713238079814776,321.37037576530605,3453.5433643219912,1108.0242847013155,12.681476383183679,37.202545722777074,12.869402967752965,40.767870276846836,102.79811079370943
2019-07-12,79.05077835595164,80.26993870318667,200.97598373921392,3.094923964544994,,,,321.4043044223682,3452.659084906598,1097.0588431034419,19.965444418504315,34.86432558626324,12.498896281257807,40.38141762301698,107.48575050043486
2019-07-19,77.97384145312327,78.63046245114765,205.30399415533597,3.092008099581725,,,,321.6820310795044,3425.2960739878736,1083.5918646174425,21.890275801942636,34.686570987873516,13.143028403836622,39.83788788421442,106.06267260324003
2019-07-26,72.84171673204685,,207.10282228172883,3.1027060034145215,,,,321.7822769622866,3305.9632687415933,1097.8879632847088,32.188959903859654,48.012576347198326,13.000827912274342,37.48944599680331,105.87878278291272
2019-08-02,75.26762313008328,75.99350031417276,207.45175544044346,3.0901545868676026,257.3393016119917,106.93143212356885,10.746497084698426,322.2415047155693,3323.161174894728,1103.2181451945787,17.490980763740446,38.57251539606109,13.56717676380334,39.113819778089606,128.1601068067761
2019-08-09,81.7752256342781,82.45969888328555,211.0078352263138,3.071161895663834,,,,322.21427007530644,3390.5251727954465,1101.6605396319658,12.833560256781762,49.47937846427788,12.287626437425725,40.28518543562741,106.29268825418112
2019-08-16,83.37265027954595,84.46404212818032,213.65754928888322,3.0624580025803514,,,,322.41933023014656,3470.402430868185,1094.5614310945045,12.994254061217504,36.24276699671504,12.201657101573511,39.97115420826623,108.86475429702031
2019-08-23,83.64739313388374,85.01777997934396,212.98031788192327,3.0555619820900146,,,,322.8604846240475,3468.607348934312,,21.516854729539087,33.63154595620614,12.106371064724396,38.565641852509714,102.03015418941712
2019-08-30,83.03630568730173,84.64722749395551,210.60800583854723,3.074135963363742,,,,322.90961189513075,3523.1903907730352,1079.7687616127525,13.206119322107405,32.206612871321916,11.483277085495818,39.140546698402744,118.22219982736642
2019-09-06,81.12192911828978,82.6836988379446,216.32121613132807,3.076827106024489,257.86626992445895,106.65100093089174,10.707341697455087,323.2531890798589,3564.291079445606,1090.756733901786,13.614066685254764,35.19377286112526,10.34469934891394,38.05533423108479,117.36485286463576
2019-09-13,81.90997272823502,82.95770433884245,214.49609447043466,3.069152015112664,,,,323.8514790630214,3611.097972477301,1106.92654541842,13.992115765604103,32.73091747944441,10.400775665447167,38.13232323064421,121.39660426181155
2019-09-20,83.38408324847717,86.81546520227275,214.46648275932358,3.0765545635119214,,,,324.4219977853091,3771.8393428949953,1081.6480996307862,9.0,34.37845428653837,10.709398528392024,38.50336331009422,114.84369464983067
2019-09-27,86.24120296639919,87.47406636841,211.83039297162426,3.102838106178012,,,,324.92451724001023,3740.8314704745044,1080.232971670955,25.245972467273525,41.258276542174585,10.675581916633163,39.67531495180418,148.55663994601645
2019-10-04,85.88014849430272,88.2222318730121,209.17825010621635,3.120391885834856,258.2463759629537,106.523009754564,10.795956643991548,325.61004880698516,3626.1193293842666,1069.6747931065509,35.35144283364215,36.92829633376764,11.360816159474636,38.45800334075697,108.69477334568215
2019-10-11,87.3472741299814,89.14939853108653,204.4003986214186,3.1274428932372396,,,,326.1807555584869,3536.986689452088,1053.640939382762,34.98624132404559,40.739860806991445,11.17948704577802,38.60089692257806,104.61409811987791
2019-10-18,89.77071145516993,91.96732369561417,201.29016859035588,3.1250498224019445,,,,327.0834719982624,3512.94424429597,1045.4829814945356,28.816203080157706,42.534066339828684,10.3299672933883,39.888385604470116,140.0889264887924
2019-10-25,90.66519257305846,,199.4672564541155,3.109643919051449,,,,327.9007504388024,3545.0652187223586,1049.6868257918031,21.133503363466765,36.7573249808067,10.084999366128248,39.12167743177485,116.48440302206228
2019-11-01,91.6554938390916,95.05299522676339,196.58982193756958,3.103489496732191,259.12112954159,106.48612837158596,10.873331091244067,328.67394955199575,3379.373060480854,1055.9189909566462,36.51863229555532,35.82909889085088,10.129990766731508,38.87021837558537,122.89314220268686
2019-11-08,92.03186906748847,94.03250399005643,192.11931294834622,3.054401616615253,,,,329.140205821363,3402.4028156572326,1055.7822389152652,20.02424871361833,34.27606370026349,9.731936342530545,38.20811724442728,101.34563951339894
2019-11-15,92.87653935195627,95.06503956295161,192.305449161833,3.048291981349004,,,,330.4964527855201,3453.5332559620138,1052.6788274427454,18.619775516468128,36.07299429386122,10.157256938219888,38.58888729541872,125.69596444432571
2019-11-22,95.84222278628938,98.70147743469147,186.42639304119274,3.047663226872338,,,,331.17390606774615,3462.804407897483,1070.3325840122884,22.86392830593949,41.36056924055832,,39.54641668857835,110.28454149978086
2019-11-29,96.98909123328049,99.87425108980185,183.0265368448819,3.0436590805542703,,,,331.6563653663544,3522.2689773538877,1066.542868829482,19.113834445208845,37.43148231911019,10.443262693036452,39.862727350681126,102.18504622974928
2019-12-06,97.68001639022555,100.31580911187993,190.1357590104,3.0564817456925755,259.4785800740202,106.57214522934923,10.82270622678931,332.82075278043163,3521.6909678916513,1101.510100482411,21.249532277311815,34.361865658908734,10.287234169104574,40.4600167653596,102.51946901317042
2019-12-13,98.44204088553937,100.87502829209903,194.1860615981184,3.040221673577005,,,,334.091858524016,3493.2873219470493,1109.2069601688743,26.1326424558127,36.178430716284495,10.394521689414592,40.88104461691501,119.94520355274332
2019-12-20,97.11770103448144,100.49435318514412,196.18285937093492,3.0226875674022216,,,,335.3029547125809,3448.3867321128896,1112.0113918945194,30.603314401031643,39.4612804672822,10.698269857539868,40.96357723558552,130.68286949662095
2019-12-27,96.38622772605544,99.93885801877427,197.09780137308272,3.063159473658812,,,,335.7743242500712,3340.5183889570408,1116.815684208531,28.307912174205796,32.84577943183454,10.221706154081286,39.19809006325785,103.01586280613618
2020-01-03,97.56054374050983,100.82577266600411,197.28480898824762,3.063261161841109,259.28846398637864,106.74697561282137,10.91917268382613,336.4022090164893,3328.467916665699,1111.0974609247676,20.105067007676627,34.01142770552476,9.597756542478475,39.18214289090306,127.7785192836738
2020-01-10,97.80889073329719,101.8106799657146,192.39580999585846,3.0480818559232192,,,,337.1998023640954,3388.211925739325,1119.9638629773526,16.638058446850792,33.8760617294199,9.879912823387576,39.29104585178101,114.33321353943938
2020-01-17,98.75803965451641,102.56539335799658,195.02334795375904,3.0459270631440254,,,,337.8066549425846,3415.8451484768093,1135.0788980326936,19.463585562440002,35.39152735269489,9.192018254537231,39.7186993320083,113.25362446154942
2020-01-24,99.43753811844985,103.28742691478311,196.15137265498305,3.0336785389160625,,,,338.7882978689822,3388.8492883108543,1157.6501224634774,26.534897310259993,36.27820607865413,9.057916939481846,39.801309136007895,110.89292223628331
2020-01-31,99.37707991980318,101.93918303408243,196.2204401322179,3.031433704502227,,,,340.1022627638564,3437.5636919048507,1186.715953644254,20.077554930002425,35.04001847120792,8.174034619714178,39.481874737917096,126.99285008300548
2020-02-07,99.12312373779365,99.58978110719872,203.22443205963316,3.0205448391246073,259.8812867137222,107.09436311142497,11.02170242676282,340.87384800647396,3423.00958416001,1186.0398210475387,27.536080095902598,36.73841228860333,8.577615751229189,39.95763890280297,110.48739907843527
2020-02-14,101.73460985415585,105.25059816665556,204.690944297377,3.039422338205765,,,,341.65718734915043,3475.2653135477412,1188.0442570575626,17.730350981763813,39.238091330827984,9.904894273247615,40.110083274432135,117.61862290619104
2020-02-21,103.9130845812992,107.2127134708415,204.06043829470937,3.056411710415491,,,,342.90449691190184,3346.6003070055644,1196.2991629529795,30.195122207152718,35.9127809936777,10.28042766693293,41.31522343416154,169.85190386274547
2020-02-28,103.76069667406553,107.09087028802386,200.80439677582498,3.048872204839201,,,,344.0644184968687,3340.8860355358197,1182.5248445412487,20.683728109473165,32.43689521984759,,40.568208604093144,227.87500581426139
2020-03-06,102.49774191257447,107.22087158313661,207.36132530618553,3.033344097988216,260.37881722517557,104.76965545695937,10.921381561209156,344.65818463117677,3263.8760395799513,1203.4841396216627,30.577064072806913,37.08148426100459,10.612987746176684,40.601330399522055,211.13588525163996
2020-03-13,105.89342341382148,108.5032269672884,209.3719493411836,3.0297189334005834,,,,345.56659609039116,3183.511562999235,1228.4934729781078,31.743142616006025,42.01296434325307,10.354439784654236,41.30528424769662,171.48315699123168
2020-03-20,104.98234550037138,108.09235870039458,213.263235961586,3.0254476713784775,,,,346.30277058819695,3165.4399190378467,1255.5902572014645,26.54013177656301,37.12253470046757,11.364804865879401,41.295920001375784,222.81283507819455
2020-03-27,103.68916284434462,106.61050662671444,216.3221450134833,2.9993388125230456,,,,347.4513777295333,3089.709314809399,1288.2468139960843,37.26566401596889,41.39424768674738,12.230859097079446,40.988365790703725,161.86255885600067
2020-04-03,104.26042610305339,110.34597673767261,215.55725634297698,2.999080553050203,260.92857393570347,105.22408961503216,10.922054750336073,347.95053113016724,3145.0619884772714,1319.956125101351,24.833146853309984,39.98215270526327,12.510286257085816,40.611421517001595,206.45371096042385
2020-04-10,101.72813775366939,106.75634817340288,216.27412748644886,3.010652465683989,,,,348.92453681240215,3231.1031801402337,1350.4079700386442,19.32208366505276,42.35540393059912,12.02518082300639,40.02340959846158,178.83968469880566
2020-04-17,99.0998858652604,102.11769208646867,221.2339081110379,3.0112370387482863,,,,350.0269747680013,3197.2468054877213,1368.6535274822531,30.637059234080873,42.7433047411183,13.026376883646064,40.55733351721851,216.58247895431586
2020-04-24,96.39899052573233,101.4332344966898,230.14410386148097,3.00335889749742,,,,351.34334328796183,3217.0414185391282,1371.8684717008289,26.898268393115504,43.91242012474193,12.899691247907285,40.12293950149658,164.17549637342213
2020-05-01,94.50021750513218,99.68260813509147,237.14920066728712,2.9848712002315105,261.77931583491085,105.74882070489583,10.98385934060374,352.3961712552347,3245.924430744183,1391.6463830389089,29.624520887420992,44.580550875869186,,39.47318456413005,199.44333577927017
2020-05-08,91.01102900276209,93.25585302941509,246.53927071388307,2.9726277825848872,,,,353.385976182468,3326.016236571832,-5.0,27.968357170829616,50.463969599304804,12.78406251637243,38.776921081504156,208.53236207687166
2020-05-15,71.74091899984953,75.64027302327841,263.24573310996794,2.96232413482523,,,,354.31968580185827,3159.0242076040486,1462.3099667657284,52.853539809528286,95.9422156132655,13.687128746192077,33.88839032899393,174.538233470355
2020-05-22,72.53959487412911,74.71878144284307,262.15017793006166,2.9535073818550996,,,,354.46748155529775,3167.051528135686,1471.9703939442445,38.30698011875916,47.14790269153906,14.0,34.10215311804882,128.51374989266768
2020-05-29,64.54095246915413,67.69694652286755,269.6344499078314,2.967164127035006,,,,355.4221135757961,3088.319743941536,1473.7696395790615,43.168076090346474,68.11378369753278,12.940300630794312,32.68432817061024,107.82461042628272
2020-06-05,58.567055928423486,60.958722064370946,279.81185669033687,2.9862346986809816,262.3283830145739,109.18744687605671,11.017890952149852,356.3253955867404,3051.8770611031737,1493.6855715589893,35.41774243740914,61.27249712847738,13.237544458155647,31.522682977555046,106.88262771855369
2020-06-12,62.96671910631517,65.72624497604278,286.3608989559727,2.9710190705057444,,,,357.56171378169125,3105.148346456307,1501.9243819457229,29.798460153195734,57.92871115640968,,32.33289407972826,111.83217868591515
2020-06-19,65.0544691301987,68.65298754531798,287.21118805763524,2.97002114938638,,,,358.6692859691489,3131.2740933806,1542.9902411613673,32.30489673039886,49.055051501392654,12.695799267953955,33.18945343997334,114.57309959901143
2020-06-26,68.484458123147,71.74394848735872,282.56758236538263,2.9757626723868094,,,,359.6114400155014,3142.546434462255,1586.836450992732,32.7921948920501,52.55084494271304,13.360836912244512,34.74677566657406,112.8869854609247
2020-07-03,61.53497349372695,63.18932815583932,288.13723906563274,2.973112581174818,262.3491314522561,109.82981026798613,11.076409327752934,360.4952543902895,3024.315522151827,1595.1435493713875,45.41340491311262,64.8127922998935,14.0,31.496979103205977,104.15417750963498
2020-07-10,64.29252064494062,67.42493390741394,292.46407108179164,2.983353793329121,,,,361.4866676695448,3098.790763909854,1621.6791774416524,25.233850299510024,49.99894266237795,14.0,33.40676664723642,102.29848410776803
2020-07-17,64.37724708815445,67.43847525075545,292.2875117226999,2.9962067398906798,,,,362.5897577806534,3209.694491010665,1640.9702354019562,19.760720741319123,39.16297149690385,13.920263670545427,33.761433095808165,115.86999012819577
2020-07-24,67.88920642369541,71.0249778311129,294.3013515802988,2.9896211576265497,,,,363.19974203643676,3241.0331423800976,1658.6503524135012,28.871069832290758,51.543019666045964,13.285879018779006,34.760672061171874,106.58394208434757
2020-07-31,70.3187433871499,74.5677674296087,306.04977152753946,3.0061018078848254,,,,363.71909874391844,3171.7494221349707,1687.0043467090131,35.03139107537383,45.434649460842,14.0,35.498138850216804,116.7707677897784
2020-08-07,67.0695930256597,70.41162192369505,317.31489329972464,2.9746043849488095,262.9405553880441,110.67531923085792,11.054717711380896,364.4562746450693,3157.0315335821265,1731.3050415710213,35.802383337616334,52.012373297276696,13.683842400502868,34.39027166472546,102.11850978056488
2020-08-14,70.17415282878382,73.78972325961013,322.20279629101094,2.9724590429557836,,,,365.1071281861607,3221.2482761735287,1748.1076937634034,28.753555813607296,51.81789274468829,13.6190171587205,35.0606228924797,132.22720106273962
2020-08-21,67.23919541696621,70.78610780014492,341.3573702689193,2.9566984831998546,,,,365.59837928667463,3193.867386003075,1802.0027829281978,40.59754341873462,53.42362748717315,12.916173121577526,34.555974532793236,125.23000946716839
2020-08-28,79.07684485402407,82.84091491452443,343.04972663530634,2.9685551260169847,,,,366.41993513533873,3356.272734046781,1824.4888251603286,21.333177351668265,78.48451611827207,12.533890021377491,37.23896733636364,104.37221290138842
2020-09-04,82.57493019678508,87.54175856625928,350.8508730358074,2.9709589142940844,263.3386812842982,111.36860130499308,11.1593319935533,366.9009382153976,3263.700127987712,,44.24698801182478,52.093686011121704,13.548786346692454,37.95704756779121,121.63626092756279
2020-09-11,83.35586411115933,87.11806515519982,360.60583609017505,2.9849355249954415,,,,367.3386744862267,3262.134232652895,1893.9968266625604,32.77513771452997,42.49160109270608,13.53648142501684,37.692210034416874,130.44777625508945
2020-09-18,83.3434073809339,87.27089277533999,364.32610114640534,2.9686195802546553,,,,367.4231694378537,3253.6837721972784,1945.63338931857,36.418190604138644,42.4595735490361,14.0,36.500322940983864,120.38872782590417
2020-09-25,79.4467831757892,83.60747090588798,373.39727611531504,2.974220331390818,,,,367.72582923852866,3277.0738964643124,2006.6075355323658,32.70229833801246,52.434881758291084,14.0,34.883488406005995,117.93923512305322
2020-10-02,79.14283647344054,81.58193398869804,370.3123586248788,2.9646404616021007,264.1965381538648,112.06120775932585,11.055326417939868,367.8607374353677,3249.904686485949,2025.6033769552566,39.86254811868468,44.41993651608942,14.0,34.94935208809794,113.68934873238274
2020-10-09,75.3347274912036,78.82190889729416,373.69395079596643,2.971372190743002,,,,368.2702733823465,3269.0243630088553,2051.975685599526,34.17880823792511,53.47459428694481,14.0,33.06002544973531,116.36323042789215
2020-10-16,75.15883507917606,78.32355792869683,387.7111050008193,2.976714539919315,,,,368.7491659546055,3251.4534570321016,2021.1912324934583,36.15314323525756,42.20512803245944,14.0,33.43882044013574,126.15717169317577
2020-10-23,70.04977235491964,73.4823355709852,409.47407077443864,2.9748101974710557,,,,368.7643421274304,3160.677122091315,2023.1131201101202,43.40497007792928,57.427630840047385,14.0,31.641652850851436,102.86627105172757
2020-10-30,69.81739295646575,73.35975327694347,431.1688489175715,2.9686940280968264,,,,369.2236345241591,3157.7146575789675,2041.0119354908982,36.56704450795011,43.588180386282424,14.0,32.057160812413336,117.7532327340829
2020-11-06,74.67532817795556,77.8471653551554,429.27547134345997,2.9979806525948023,264.44816104779204,112.90399934626774,11.153551698114153,369.4015214863883,3097.6409941989687,2045.4202123496157,36.241721747562664,53.78492508982889,14.0,33.16669137985749,129.5869668400024
2020-11-13,75.65773799619991,78.72202224727758,431.15718307528823,2.9881613627609633,,,,369.5957549799298,3130.395140164476,2095.113911835522,29.052515589804905,43.01407969489219,14.0,33.819062553548214,101.934451195284
2020-11-20,71.14281464793604,74.18413676081812,435.08518864414486,2.97216290795484,,,,369.9291062679342,3101.881135247392,2189.9630720731,38.61146555913141,56.11423092402355,14.0,33.202804940035534,129.73413490264227
2020-11-27,70.24965900968445,74.15907164443941,451.13684442718284,2.9709188779761906,,,,369.9163362466127,3119.4747864618494,2153.6217049273955,34.104040171171974,45.31332719727265,14.0,33.71579165826789,154.46481762692562
2020-12-04,72.28301524436363,74.05906309264691,446.54894789570596,2.9783681175749934,265.0277649797541,113.54275313696175,11.179931700163031,369.87378972443304,3211.675576327861,2226.8517302974337,25.813771083622235,47.97889475285962,13.910841930293536,33.884320981823784,105.13340657384602
2020-12-11,71.40726981407924,76.10661809374797,453.73994121389967,2.9962180284879874,,,,369.7688110145892,3178.3033173670588,2249.287425806867,34.17016593354122,42.039410821477446,14.0,33.916228842148506,102.29060947743275
2020-12-18,68.69513017287278,72.79118252487996,458.17056664948205,2.9810563178411584,,,,370.25207206770125,3090.217998448709,2268.8862898484736,42.42754633950893,49.84922550855681,14.0,33.977320284510554,113.76354970107958
2020-12-25,64.73881334921808,68.3349820152083,471.460822328618,2.9698416452127363,,,,370.06044552294276,2979.5179569297197,2280.033589044929,46.89770410188172,55.685607063883516,14.0,32.681238576024235,103.77931275079553
2021-01-01,63.18140321590046,66.12921929890676,486.299233396754,2.9764887886278784,265.1293951322936,114.13561522828022,11.199655727785299,369.89309750758315,2906.9291673538632,2296.7738806374177,42.67360216029961,47.540081239396834,12.455774446767933,32.00423106216001,101.17306074814017
2021-01-08,62.482820426323585,65.14435202336597,498.78861598653555,2.9805930061969166,,,,370.18788996493754,2936.959915999561,2295.9664481406544,30.865114110432586,43.74499824986941,11.294420028313716,31.469576434187697,102.62844889833785
2021-01-15,64.74552813134962,67.36241974179471,511.46167684795245,2.971873080339301,,,,370.23300843987585,2927.468151536551,2367.398717216966,36.28982593494008,50.03852813064538,12.144416514236733,32.210520752934045,110.56989089929085
2021-01-22,64.80694229950069,68.20092565499496,519.2145793273064,2.9692674908894316,,,,370.3678815900615,2937.9100275208257,2359.492388324058,35.04570630700353,42.95115551425471,11.858765324800919,31.73003352304194,100.18031418337215
2021-01-29,65.16578227927617,67.51227203118489,520.2258800603187,2.963832722373743,,,,370.2469079644502,3006.9386268568896,2423.9480787518132,30.085978975868553,44.58358729113873,10.837873883998057,32.14392001269612,106.2706713059381
2021-02-05,65.36456114407325,67.57994292603424,532.2532517714817,2.968348256845636,265.83418750149644,114.79382815304658,11.304637616025888,369.89261907820946,2961.687929073904,2445.404830569842,40.56855751708436,43.34980034295326,10.759806045613637,32.72956536182836,123.30163480335065
2021-02-12,65.79320689440308,68.9663976215913,545.8916660546491,2.9701951417336283,,,,369.2131882610014,2916.5419035458153,2452.145486884168,41.06426076057383,44.40869653113784,9.593384264342504,32.95792614652437,112.89017722223187
2021-02-19,66.68503645761069,68.83299858184493,546.9129345880008,3.0036842532780357,,,,368.6906362387725,2887.4916107631707,2506.153848632219,32.526757769932146,41.311157314894295,8.596889414010475,33.94356658674599,103.16775852765734
2021-02-26,65.92509722810705,68.29599487316942,539.0818296495079,3.024301229613469,,,,368.5103172989901,2947.500047275677,2525.306925928255,19.611552692492854,38.376378464547756,8.274636824338508,34.43363982152949,101.16750085898738
2021-03-05,64.67798739649896,,556.7775244262058,3.0096942356077143,265.846957561172,115.24125124511782,11.15426517830957,367.9907240477429,2900.2864101986884,2586.9514594130114,33.505040882511445,41.97540916076613,7.823532298375497,34.362450516802205,131.84473186832062
2021-03-12,65.82407415874792,67.79924375671101,563.8058142279742,2.9851828562155167,,,,367.55273504865977,2944.6632951969614,2672.7914815811464,28.918911273382466,44.84717679202432,7.9139393168127405,34.13345330796051,126.59454709605663
2021-03-19,64.99285725411482,68.34379129158754,578.1006710485937,3.0120496720677377,,,,367.01043510248616,2981.839792673725,2750.893566234874,24.25802849729652,40.14370599278164,7.40605044899289,33.66978493703997,122.77236814119843
2021-03-26,63.99837188835615,66.50791971064392,572.2093080474648,3.0449316506978246,,,,366.58216819225174,2942.246265794074,2797.0475197442183,25.584351795163563,36.4418092635585,7.019961650424609,33.08929885344904,105.28847504154398
2021-04-02,61.827979206922265,64.59520459790222,571.2269406872296,3.0323842233916323,266.5828966447456,115.60880244677645,11.350800003187237,366.02477537816947,2918.040108411488,2913.278242348886,27.05980325422923,42.644671054309235,7.419457045100424,31.985546358004335,107.6814399907393
2021-04-09,59.81209664716387,62.86255396319055,573.934625895948,3.0298371641840975,,,,366.283116898987,2963.2724421494604,2942.564964051259,20.54334281914381,42.731208370011856,7.671696793069451,31.458592009069235,115.11101750491571
2021-04-16,56.91378510364628,58.65396235613051,586.6821236929708,,,,,365.8289839420663,2946.178395819691,2973.03329294696,29.186005505347538,47.89441133810628,7.831818217009562,31.139361164743633,112.31620434934965
2021-04-23,56.0948258552925,58.21809221335214,586.2972326410177,3.025949026511281,,,,365.3814854666136,2968.389526480864,2929.005097098933,23.574844000532174,39.07404749987067,7.3562848257997375,30.367309907499163,129.65265025647193
2021-04-30,57.10166410290643,59.78335123659341,600.1894789266604,3.0186197596778235,,,,364.89322290932455,3061.086699613948,2933.20666121746,17.875416039784483,40.64742576206368,7.663192942223488,30.09225346294908,114.550616768635
2021-05-07,56.81586825300847,58.52250574974034,604.8865954293495,3.0236720207799688,266.9552459305519,115.94576671702814,11.285604393444993,364.3998944969297,3041.2652173784277,2942.8454523015043,27.685339239801873,36.92815910049107,8.051104745743377,30.31890320580225,100.17701507572829
2021-05-14,56.725856002537455,58.99119542730047,607.6609760203529,3.0103220296342768,,,,363.72649644482567,3019.840571682803,2996.8840451019532,30.1559599064142,37.705542028858204,7.877662074115101,29.5355204143247,122.06101181653328
2021-05-21,55.40187307588494,56.968880858226896,615.9179256904076,3.0389018755489987,,,,362.9678814619715,2998.379400859116,3001.4204127652392,24.492337695141515,38.76415046404547,7.5240585915008005,28.54894431348165,133.01786281526006
2021-05-28,54.38685728879522,56.18177224278598,620.2818250403176,3.053064804511419,,,,362.22664617061463,2932.1309604809317,3030.2321574067237,26.541347707911694,35.96039161238027,7.342701432223367,28.265994050474564,126.58951345665238
2021-06-04,54.54299268711747,57.22243311699012,623.1837071353309,3.066514166616509,267.24465899469345,116.11190112320928,11.372287065874023,361.4759836094524,2885.1537591374545,3039.535990506227,22.288391308312228,30.926020990900895,7.281919167962128,27.770453677125882,113.09820778514417
2021-06-11,54.88367358986818,57.05873740625453,604.6962340915666,3.0596989514077357,,,,360.6517139648819,2991.1432834295165,2983.7634063998357,9.0,32.10469060987025,7.213143608809602,28.137204362308296,108.083338514143
2021-06-18,54.651114133186276,55.511910791113124,603.2145831421961,3.0708419018789503,,,,359.6895653286701,3055.639883530413,2975.9241790547026,11.780688744171156,31.72131763515204,7.940890433651743,28.399234690396856,124.12704728701323
2021-06-25,54.56252880358033,56.58567018447474,592.1747835429194,3.0432243238058656,,,,359.18300680791964,3031.7328434320316,3021.7401554320713,23.274386930309266,32.968882609833784,8.301596077779879,28.443849659225386,129.5806215014251
2021-07-02,54.628671627970405,56.998347963548746,599.1566191393058,3.0340828310979835,267.9530165987921,116.18373887234328,11.388826552055418,358.4147175298201,3023.7700808066347,3026.203867786552,24.29194855442317,34.60184457014027,8.00049664074691,27.96979668232556,108.29293431285589
2021-07-09,54.02025881645926,56.11449043705751,605.2808766976342,3.0328161457351817,,,,357.58579851224385,2984.634876804037,,27.920028050220377,37.13855782196029,7.819229602426254,26.967091690132857,114.57971072247122
2021-07-16,56.31563307171026,58.192085289831496,597.5643960587314,3.0190004941704873,,,,356.64779707355956,3071.218022431041,3070.726099538633,18.396077894302934,45.80494811503348,7.7842617591861725,27.30875770768295,113.54808162181862
2021-07-23,55.15230145862355,56.54907743496248,596.5884636042499,3.0318936671386107,,,,355.76056206548935,2925.8194739941523,3092.9566374406686,39.02613614803373,39.57637785958713,7.3369382655999225,27.14770645732655,111.35337627037622
2021-07-30,56.5799994712191,58.11871781855708,590.4865565675428,3.0434313689618233,,,,354.81850166820374,2947.9056521695998,3047.2529926235266,20.047049861704146,39.15799761364337,7.365919640549489,27.04941468778396,139.51837125831014
2021-08-06,57.88873043387719,60.09794725293601,587.0113419888694,3.0660637898030547,268.64744333626106,116.14143737030486,11.33088731927529,353.88373334599663,2876.3463682664337,3079.2371797035353,25.58076290433195,35.836465514659096,6.88462456824953,27.71599955300421,141.15332771418244
2021-08-13,57.40198055398633,58.76897440138684,584.2814002351623,3.02739477919816,,,,353.0022807618843,2845.4777116326836,3076.19955580414,28.990455228466196,37.693319135347494,6.336186256301228,26.6238451618838,101.27083103942476
2021-08-20,57.171778314013,58.05150105477315,580.2466425623412,3.039528382499992,,,,352.30495135951367,2945.4888755078487,3044.3992169922167,13.066141228596859,35.17024694999876,6.50505712684906,26.5441027117777,113.2452401253576
2021-08-27,54.62522274134065,55.09197539638126,583.1621309906316,3.0401606458501806,,,,351.26342967436983,2971.1335498478384,3092.2045206810208,20.881570746397486,44.345687195503935,6.968103279268732,25.998667769820656,135.3931684980224
2021-09-03,54.824291166405935,55.49730917824046,584.1908470690155,3.0509004334703027,268.8901158921635,116.00519438392028,11.491172635372555,350.2195911814058,2872.5619265113874,3104.933955704747,31.619449226806775,33.79872745628179,7.463840707416871,25.997688767358767,103.21912941202665
2021-09-10,55.05250511899366,56.808812771481236,578.4922379265051,3.0462947780830034,,,,349.6806778892557,2936.52828829182,3142.46458498486,16.129657774047587,34.738400621486655,6.990272154059723,26.332961492809275,124.28702319532195
2021-09-17,53.848967088032815,55.784929092434304,589.6369826915368,3.03376985360843,,,,348.83570604410147,2836.4876196447144,3182.3110840543663,35.0544301898085,39.966899736101105,6.484286410371871,25.931040228123,128.76692953455935
2021-09-24,58.83157104399752,60.994131155090194,580.4821122540227,3.0609104674952783,,,,348.0911503220156,2889.6208258871575,3197.5246343668573,13.593988770994587,50.910067966778314,6.82303554207263,27.148250968028012,129.10573744143238
2021-10-01,58.77086345270162,59.781632909743934,590.4703732333533,3.0316465627902103,269.14538124772565,115.78331708421013,11.423607029682252,347.3152271660506,2864.4117714125764,3286.7463394880056,27.384083274187148,35.39739920670911,6.6340395182873255,27.327696282667823,129.97236095809419
2021-10-08,56.187963392073144,57.14922630031118,598.4867382204069,2.996132608484064,,,,346.2106246195443,2878.667689121716,3321.266736736094,30.699901163635573,50.01378422705763,5.936701173565572,26.362770103473974,116.1531657948648
2021-10-15,56.42855264238588,58.33398799198107,605.3835954401845,3.0147554760448187,,,,345.4207776915085,2867.4541792813643,3327.318511152847,28.893058816370882,38.08810732376348,6.338769544770605,26.50088351558074,104.80866711673953
2021-10-22,61.88644054370945,63.07746084855211,610.6099556434032,3.012384277201287,,,,344.6454586748736,2873.0558332088194,3357.902504089185,27.524182228872803,57.718126167713265,6.72514529812212,27.455439867947064,101.34665235647539
2021-10-29,57.08774489755764,58.997404536924805,623.8952955816668,3.0171776894459748,,,,343.63078044147505,2901.1835198266613,3364.118446430994,23.416514385896114,53.98274563096325,6.624967266932654,26.651410569617195,100.60845924081784
2021-11-05,57.13818835388005,59.45990666857242,631.2641459296111,2.9847528252188065,270.0041937670552,115.39659018051896,11.437860812705315,342.5706039331322,2980.0339912549243,3396.479880875751,24.996597788013645,40.88856272949493,6.078212398747099,26.87853770238646,129.72763563796994
2021-11-12,57.501569232665915,59.547151605520234,641.8902649741466,2.9970064827188083,,,,341.5568835603949,3050.779137476687,3438.528351546673,23.909166801403252,40.69327285529513,6.237922254820672,27.02532362124321,102.58522444341581
2021-11-19,57.23236080433742,58.105228668346506,645.0167263470298,2.9955236523310145,,,,340.3964122456547,3020.163000785406,3414.573542715108,34.54100123923598,40.70916435793332,6.729648508149262,26.995261291960148,118.25329786342903
2021-11-26,58.20582073875876,59.5994645062041,632.6697875507566,3.0271132827059137,,,,339.74187302779194,3038.1077023413227,3499.6771670000453,23.86424691777908,39.47146757809252,6.808188477312925,27.91108407397262,146.33685143311286
2021-12-03,56.59337903958144,56.95533209030949,655.1818111912326,3.0019851198273324,270.301220273299,115.01091362637344,11.453716377374548,339.20662662557385,2972.9451796896833,3589.805610117377,36.98936772694214,45.170434663890624,6.855099465998178,27.40157022019892,120.21195728495303
2021-12-10,56.376080807613306,57.986603662549506,656.7068883422684,3.0350475686972964,,,,338.481817502773,3012.881457455187,3668.7537006448774,19.80361582711761,35.3841862559534,,27.10268494372482,116.1475509330537
2021-12-17,56.444011047653824,58.00824202301741,651.4805840441597,3.0299750079383787,,,,337.42789435501226,3005.4864070018707,3722.5500949215902,25.660731847421395,35.54725120775199,6.525054175339637,27.08898836365642,102.07192808795479
2021-12-24,55.06246163188926,56.69085864722896,661.6170743446281,3.022056011710489,,,,336.6553098708701,3187.046410553698,3802.3899483447285,9.523417054295042,42.19846347933283,5.564419244541758,25.86730443415717,129.6393353540098
2021-12-31,54.746951739387,54.914072666298004,672.6681282269855,3.010999302079804,,,,335.35727447608616,3102.8443226482013,3894.1226672026455,37.71281504600705,39.71770011939931,5.620760708359902,25.557780014589614,128.34035805476398
2022-01-07,53.14535946172262,53.76779217288321,692.8450747195118,3.027371168044144,270.89090669157724,114.45147901077253,11.528089316558493,334.4144849543424,3014.960492984244,3989.895073040459,35.23869922208483,42.944633371888216,5.686228044331236,25.656316193637167,102.55925658847492
2022-01-14,52.327051406804614,52.86877907191169,703.7271573533806,3.019154558825932,,,,333.62052034983657,3080.055805660091,4004.5196455432315,21.57220302166008,40.734143115359096,6.228500107958697,25.954353522831234,144.34999641129468
2022-01-21,52.03026341575742,51.85341510167869,696.7853542331152,3.025880823411427,,,,332.7090158701572,3175.981695369125,4034.4518431754345,17.28182170063007,37.57303962781062,5.880842731849091,25.925472118501816,136.24807492088678
2022-01-28,50.321767570028946,50.379912566650276,694.4629802080061,3.034838181365423,,,,332.1636364290049,3225.2950933358516,4100.040495248261,20.350612490863806,42.66059117765825,5.7400627585979205,25.582138263595308,105.83300884466333
2022-02-04,47.35636407168097,47.86230095545359,707.8503683622675,3.043596387934533,271.43696608773155,113.95724678500093,11.542463686735106,331.5773008536026,3167.8151114358343,4224.932544838742,28.109135053723524,47.171657685416626,5.517430168398768,24.902781184286162,103.87141516966938
2022-02-11,46.50143038774747,47.70012447794523,710.0081492933066,,,,,331.12536995078256,3103.9115432954113,4194.98272382713,29.923902664705473,38.54812508709525,,25.04289253049139,100.92437910318814
2022-02-18,46.200394071407764,46.61934600849916,712.6892197377111,3.029549645766877,,,,330.6946621953506,3068.78139770189,4240.812425129545,28.60764550752584,36.89076226358825,5.092920034548011,24.672094751040472,141.87277152094157
2022-02-25,49.588691986934734,49.69835505745124,708.2055627752902,3.0388609240773508,,,,329.77497189372855,3088.26514724427,4230.7162042609,21.42533540914954,49.786402353744364,5.107367193261405,25.036539348856117,203.52546056809584
2022-03-04,49.12628080328248,49.027606868372004,715.9028180574397,3.0436977789942907,271.9471092775731,111.9361505245869,11.569758095851578,329.59290457245083,3206.532042714225,4226.187214957958,11.421318457370267,35.85808896173914,4.938476843209021,25.083669747079583,198.00354277059347
2022-03-11,51.35730958525134,52.58963229868707,712.5942550354565,3.0454457625228883,,,,328.671530239055,3327.461723973247,4199.067493249721,10.620750488648337,42.922011247721166,5.249591653423709,26.231900164169673,221.51544813733574
2022-03-18,53.19830586105841,53.50695274066853,706.9502754380122,3.056275544904607,,,,327.52602321339083,3356.3485940936685,4219.818793914903,17.1354349748187,39.56730819592951,4.913467860977059,27.020549605128977,221.49392729235743
2022-03-25,53.54295698106356,54.148119840299174,690.0890131772056,3.060005838326047,,,,327.0851595423406,3442.066656457101,4226.812923701427,10.591189989253444,32.19183887624778,4.853692759749546,26.87899738524454,198.2659786676469
2022-04-01,54.80205234396953,56.26695139501719,684.8623190322412,3.06349449364262,272.21073813150014,111.40238932068297,11.550423073501069,327.00903655886424,3484.4092799398077,4203.898814940787,14.354669130664124,35.79528203544335,4.798015221728038,26.407509507545836,219.2515450862931
2022-04-08,56.08885581428096,57.01890827351385,667.448480538238,3.0805308820375648,,,,326.4768325084378,3446.190254879432,4194.457676675592,22.2598049822314,36.4067906669261,4.625440700805382,26.51222723801258,173.6486523453417
2022-04-15,58.108540834154184,58.98379480965212,667.1339604897444,3.086640876868393,,,,326.30010168005856,3445.9827654672877,4158.993850891057,21.22091669431689,40.5845148853273,4.7426932433562285,27.16274564629763,167.95415809648316
2022-04-22,58.07462984624044,59.26291672829725,685.421904094269,3.0677882274695056,,,,326.14706864759876,3435.941897609594,4138.109752254881,18.94879721378305,30.844014702483406,4.6838787824553565,26.819789001274845,201.31115547871673
2022-04-29,57.88954546612075,58.55466666018681,672.8730535198636,3.0651233998872702,,,,325.6681300977473,3356.414069160492,4191.543729060478,24.833387419153905,31.240933689892678,4.347343584481081,26.958957884307754,191.61034029680545
2022-05-06,57.675272477440174,58.415033463390735,668.0028572241814,3.058017805641374,272.7938864057921,110.73946571364648,11.662648251626747,325.0196524685804,3407.000191074098,4204.942167534052,13.502049212300053,31.475660364597996,4.289541824049525,26.702080998319744,220.33361855820436
2022-05-13,58.71585921193686,59.75092290808043,659.48992904799,3.079629021995194,,,,324.4178438394065,3525.601233634689,4186.629728313178,9.470967063385427,35.7582965460593,4.485688427690804,27.109673924441488,153.57331259614287
2022-05-20,59.01664660246112,59.456393355498584,659.9595161722796,3.0849615912744133,,,,323.9025723187299,3720.275375676685,4175.363275663166,9.0,34.12079821845401,4.4846966888307875,26.523499641038487,162.76717472957094
2022-05-27,60.12496844661743,61.543209690804346,651.0988403975426,3.0590418124850776,,,,323.74740828491514,3782.219915109441,4243.617987205882,12.48303032462758,34.38461572341353,4.1058841068323915,27.326491514203425,205.68533397732494
2022-06-03,61.66255696248079,61.88306110834544,648.9272534847305,3.0544814044957986,272.46721786407994,110.23011907547824,11.639902652225107,323.65750865385917,3864.9854276222954,4217.6140484091175,11.862422998764988,36.459678803416004,4.288216954746083,27.876773126676724,207.7617900951897
2022-06-10,61.51515640347536,62.42294650330173,653.0801856484283,3.051160971446367,,,,323.4731401610745,3857.6039654505876,4265.871243997914,19.579440931586728,31.86382229707987,4.396656227026877,27.505183908946215,154.56911177780978
2022-06-17,61.45521873370303,62.61907598745104,649.0831540994492,3.0416255658572076,,,,323.6808714109524,3842.040448315698,4253.087566020225,22.168605424936672,32.85166696148165,4.030441378651068,28.120580650821307,183.30544914286776
2022-06-24,62.04336943528373,62.08331975071472,648.1456285238854,3.025644511666564,,,,323.6548594219582,3854.7216704874168,4324.468365296316,23.381433075576957,37.00880672647628,3.9288321836653575,28.15573774048248,168.23427466459333
2022-07-01,60.95037859552625,62.51746837505953,650.0553940165767,3.0517868892266202,274.14293815389203,111.25454907330278,11.606265884214672,323.7931415957192,3813.9247340375164,4337.967595074489,22.482368203733515,35.4370933571787,3.715867121567412,28.168511512368116,109.13698354173057
2022-07-08,60.7422659503457,61.08491628336035,656.9732134097575,3.0383300461767084,,,,323.5744306122244,3814.4460394665125,4362.952888810923,21.733656338110464,33.93557260004902,3.823323245467881,28.306789841400885,112.00465667721407
2022-07-15,60.13593756433468,61.23758655747762,653.3447715492018,3.0449774457527736,,,,323.63386879566247,3770.7581975819785,4344.101360839878,23.243268037425267,34.06537855069415,3.6883342705915507,28.083154748473365,139.18864025296907
2022-07-22,60.34233104296355,60.5900644119714,648.5411070880493,3.0356604267008347,,,,323.56912124445296,3766.199380789794,4366.196191399302,21.995572834253565,33.84220980343961,3.455510068271921,28.448213053935607,107.33835157491505
2022-07-29,59.960387184502515,60.64984465134267,664.5949270976198,3.0424490168365,,,,323.3556306730992,3781.001273134263,4427.752756859505,19.64620376812603,33.94557546218458,3.349256506792268,28.688997704893303,130.88674703560451
2022-08-05,59.546520807500706,61.28374694529171,658.0506995442397,3.07032358529979,274.35981470103,110.72747675024942,11.70020255583296,323.5678260240469,3835.6907505909803,4383.675605150234,13.704492603110564,32.19890743182907,3.451464415062802,29.544826931851546,120.99936449725229
2022-08-12,60.201015374200125,61.19323989864925,635.7510279814121,3.075222505106227,,,,323.71161084463745,3785.9428794276305,4485.357527873903,22.683621635491264,33.58306383018989,3.4606109597268935,29.96382814790686,108.12114769100094
2022-08-19,59.41364580611465,60.40149320294342,630.9296673566855,3.07742344181568,,,,323.9521155519949,3777.8346690939,4432.879210222966,19.44577118554633,34.09808650681097,3.494493880416878,29.989486261670088,115.04710167471268
2022-08-26,64.04088443323542,65.72979811552592,609.850884269343,3.0401970108068066,,,,324.1934631624753,3788.6974322234164,4446.77225599617,21.46345057314839,50.0493969954352,3.350375720141335,31.163613855396164,112.34535550337742
2022-09-02,64.81274459206132,66.02778714305538,604.2368845470396,3.0309520907245924,274.70369281596373,110.37417234553315,11.74831563316627,324.6490006037039,3921.5366026071033,4541.720043929099,14.514693802924043,37.87111122822009,3.3603728565551423,32.14703307543627,147.1319401701233
2022-09-09,64.73234724071696,65.47446151193635,602.1577223360713,3.037709022581271,,,,324.69028648632,3921.89783543498,4453.015776881173,23.57915403153099,34.677594562114166,3.3996733863773727,32.553010280673774,116.33464975025382
2022-09-16,64.0914089077573,65.11048073841616,603.6612871313945,3.046622101876263,,,,324.91562405355467,4045.439390419438,4534.622205295111,12.291044260874399,35.25274972556015,3.5695803232025956,32.11959399471926,124.77409170831353
2022-09-23,64.41663275003893,65.74149954396263,616.1120812981883,3.053904588597428,,,,325.1833759969868,3909.0123233574577,4487.476594789495,30.173887818607,33.03504533842234,3.7445869576316104,32.55264955791147,117.57268175948646
2022-09-30,65.12466842810332,67.11095126131875,622.3505427628189,3.053351934223491,,,,325.1156871984929,3856.745981381502,4430.420242839757,24.39714502913596,34.64418375650737,3.701032908164107,32.2990272418,111.90262588427156
2022-10-07,64.0605699687782,65.55103865163481,614.2706661283786,3.0492191367500885,275.64984077292905,110.03476015180244,11.757187751078806,325.52455921992123,3833.5894804585046,4465.973468717378,22.773184331931603,36.26869983865708,3.639745062076064,32.06353097710262,112.00644795019097
2022-10-14,63.71114713888279,64.98827684363289,614.3487747890928,3.0906035114073487,,,,326.1735383003258,3804.604218904276,,23.479894951150314,34.005300837082174,4.1711590135254735,32.137282328962385,111.57129360756508
2022-10-21,63.343306876815326,64.74187427642585,609.8617248046935,3.1200213009130735,,,,326.73526976280596,3995.499327793057,4464.328452931275,12.153323779365897,37.83406503909289,3.664896524676382,31.611702370093525,121.89882992642356
2022-10-28,62.13578435871828,62.92162357470184,621.0422545367865,3.126619154109246,,,,327.37064365425147,3939.685930609994,4426.986289145437,32.402663834335684,41.68931329654221,3.7112185405406075,32.58892166347346,114.95847416545475
2022-11-04,58.38991268368457,59.36973395651701,621.1908646469998,3.1176044791270177,275.32458655894345,109.85512459332496,11.777310983964071,327.46850460397786,3890.156471591584,4418.850093938075,29.908703179902542,49.754837901670584,3.8134490317687444,30.66022146775055,109.95547919421988
2022-11-11,59.63068052557134,60.98977797866094,617.8967665596496,3.0905556232242746,,,,328.081900267074,3744.817487071757,4387.619049907287,32.44030241677714,37.30419000741529,3.6288092944038666,31.773627972606512,108.60188675079277
2022-11-18,61.037050241827316,62.84503672303203,604.6979825929646,3.0763651656152633,,,,328.58864104228877,3609.6026656457743,4296.569973809957,28.966571173650998,35.75106421066908,3.6325702670300575,32.25407252049021,120.74873058128347
2022-11-25,61.201306095006274,62.53798155813477,589.5706534593004,3.0768372977218377,,,,329.5050751557204,3660.5913852968065,4381.726725967826,13.987430230032745,31.388266267510204,3.742314587371758,32.05645371052168,118.10919344318833
2022-12-02,62.426990518334364,64.21488610974747,586.550022641875,3.081624059860596,275.86312747783387,109.76395045235463,11.769796530710966,330.40551922359936,3713.6511258267205,4343.794388860294,15.397446672147414,36.17221496287666,3.699486673889897,32.96680078957222,114.23719264971668
2022-12-09,63.692294415370185,65.39823786447693,591.8369249555666,3.066116904693507,,,,331.28162831264547,3723.8771543369185,4290.308175346005,16.247801118224857,34.46299419143423,3.921158585524135,33.32730856741775,110.30762481980092
2022-12-16,66.6157948778837,68.93399431617723,574.3783856031448,3.075474442353824,,,,331.85010544574294,3820.9359989758477,4293.094533022032,11.083760605349099,41.07503652700376,3.990690717615996,34.48719210013404,113.05291161526685
2022-12-23,64.70473292523343,66.66543945336555,580.7896195606633,3.0746482383511835,,,,332.2907534055546,3748.498478780264,4257.125505745881,24.472775252841497,37.5574562884399,4.288929756895673,34.363713182911056,110.66773281405017
2022-12-30,64.98722455068946,67.29228692515085,568.6495337484232,3.0521813372004463,,,,333.08938002293655,3695.705842670136,4282.373152246111,23.64906115989941,32.55434712309316,4.088054875270387,34.95154392454674,104.67340045717177
2023-01-06,65.36493896211496,66.8101620475747,576.4863233423291,3.022004494373558,277.06626432953277,109.78033441173633,11.846873850525176,333.3404386758279,3709.220892883561,4341.271097754124,24.52458073596002,37.021412930734456,4.512141714876503,35.75716167055261,133.8941372260597
2023-01-13,64.78002907614591,65.07670487102382,576.8953055116198,3.0541796303126443,,,,334.16986605734706,3717.9514456677234,4381.304698597059,18.44861540469974,33.41344220171853,4.926699114124721,35.504430077416906,101.73449833044452
2023-01-20,65.42813470319341,68.2829707877857,572.8718004915811,3.0583300660271187,,,,334.8547913786074,3701.910363348676,4364.699050269994,19.787632873099955,33.1837555632006,4.973122680419772,35.94841731907297,122.00519847879009
2023-01-27,65.48568178116874,66.46989728663166,575.7252021489412,3.0371718000613948,,,,335.7104231846812,3743.3114460540824,4457.102264790451,19.791770635389103,34.278922024990734,4.885490820289457,36.34874609580948,103.17846031364024
2023-02-03,65.27702934125249,67.97454490651134,580.2288184000932,3.0509781864404184,277.26213890129367,109.89964854305033,11.920717569446579,336.5889597353239,3710.903021554859,4530.56724467746,22.9142612663099,32.90585373057856,4.701034863346651,36.23692689702649,106.87833359082583
2023-02-10,65.68560712181598,67.67382142279273,579.5972981354329,3.0432110590600674,,,,338.13241370069755,3759.1166354323013,4585.805767043112,18.17178475236993,34.73565680272186,4.603416076708002,36.68780736675952,100.65053616757807
2023-02-17,64.15379949703153,66.08697396225827,590.7136881159607,3.023601577113894,,,,339.124744013246,3828.126843500384,4660.146452227759,20.48494035934276,41.15284995908913,4.5719370665758605,35.98616885015104,105.95970652099155
2023-02-24,64.73330553835878,67.41107409405366,606.0521494840881,3.0174976406379166,,,,340.2594317428394,3790.3176270219733,4589.552563335864,29.313746404014612,38.20236139544592,4.728306348956568,35.64125267456972,109.65512389464638
2023-03-03,65.4722644834415,67.16316069553403,598.6010167075341,3.0295319996674985,277.5663201741613,110.11251406544233,11.92460350919006,341.0197445200341,3687.5204458930543,4706.593584259442,32.89908735345505,37.597450265019184,5.123506969211844,36.26722686116919,102.34445849317947
2023-03-10,65.54163332389918,66.98942988191367,616.8623743279298,3.0331248170956377,,,,342.2084539947068,3807.3943209128943,4770.314777566615,14.897982832416357,35.22978182561064,5.288963297447234,35.77494937072205,107.02959980868962
2023-03-17,65.37234826157454,67.60721224215436,614.4857594624896,3.015520673551322,,,,343.3541561399279,3801.00623512704,4710.9996168953285,28.900200465732865,38.166588042159745,5.0820894718007406,35.71158351954797,104.06075478002897
2023-03-24,65.30143702168094,67.56244349588658,630.6591813065438,3.009312607196899,,,,344.2495064515574,3790.513208115542,4782.534951820658,30.515038857073257,38.695913795220875,5.20396248428003,35.50371475233302,140.88077276041253
2023-03-31,65.3262747200271,,633.5849554541979,3.0306784243974247,,,,344.9625994315541,3878.524867452457,4806.438130206008,18.866528699225455,35.91870885732811,5.292138872255489,35.23561270840353,122.08835987194945
2023-04-07,65.60263135235789,68.01766792923954,640.2372424852447,2.996544856276141,277.83518912313264,110.50516630089115,11.933928329758949,345.48429428552674,3811.6608749349607,4760.136549556425,38.32007209389876,41.66413290280476,5.265333187120728,35.39235421478085,116.84929153317526
2023-04-14,65.93929442316542,67.74470629384548,649.8548200982532,2.997601032217265,,,,346.4551296412441,3823.495087538791,4831.463692956773,31.927068972526293,41.69748580450313,5.206716982848314,35.57341774909551,130.623713834194
2023-04-21,66.83764775023683,67.9746865346854,661.1351250174175,2.979642532316737,,,,347.12552930924403,3791.1950750209235,4892.131275005446,39.17639669245477,46.064567429182205,4.90609296248867,35.44255886263545,123.58077262795125
2023-04-28,66.65254783073438,68.8267811097216,682.0429579999628,3.000650671263184,,,,348.3558747892867,3707.741116791327,4998.213549758549,39.368761669584394,41.070927163257444,4.866346017832504,34.0183227742255,144.52282635423296
2023-05-05,66.04300901028653,68.89528890946141,677.5105279685598,2.992906507902682,278.6280900441818,110.91380465152271,11.974333992992824,349.4854917346187,3805.363166499502,5093.386429438487,25.801843354108833,43.08677639127197,4.4727462131848394,33.60862218921262,102.62894433985153
2023-05-12,65.84637374719179,69.00486762290079,680.114565001316,2.9881083434642246,,,,350.6752695856604,3854.2494062110927,5116.390486231993,30.79727765703566,42.40715624078793,4.196093587911795,33.71124988714549,105.88247210874239
2023-05-19,66.15095903502691,67.40419075029556,682.5763628010872,2.974986812573603,,,,351.57584104337104,3928.001157405687,5194.565621394824,31.907284168475908,44.74437678590223,4.031736034886351,34.00176951143466,100.05317385979082
2023-05-26,65.10603033828136,66.87871381377883,683.8922522210285,,,,,352.60509281432047,3903.9288142035293,5357.060518418666,37.47637990919828,45.924356301579586,4.082338998353143,33.65247789868891,114.38364273818812
2023-06-02,63.51850964071829,65.76084754406206,690.9075114882756,2.9958879107874345,278.52346696112016,111.3981797235484,12.071672822739316,353.5412721457216,3863.9173990835757,5496.935893582244,35.590937122272,45.76446009700955,3.784161057776073,32.94519808519024,109.95642608659473
2023-06-09,64.75056684431323,68.37405173841779,691.9421616940523,3.002801687214793,,,,354.2775352209054,3887.3952962934527,5630.650818650306,28.951105562338814,43.40540687059949,3.8779107537272446,32.769463301567875,115.70949154780769
2023-06-16,64.59330844798353,67.30273530776171,704.9151775057812,2.9950278144088873,,,,355.22770617120096,3801.7392063066623,5578.561796251234,38.75229859611676,40.58035268471923,3.957236405578232,32.61333461891272,138.25504948295315
2023-06-23,63.28303353401041,64.6162321787539,707.3522283432843,3.003386794128178,,,,356.20338280768124,3663.435336622931,5745.399635550183,41.413661539103444,43.372892827727796,3.8648544077940574,32.19119844385447,100.76737923622254
2023-06-30,61.5840518363049,65.01647623133947,706.8313925328565,3.0114048971513734,,,,357.32126152747236,3685.7477782772885,5947.851224803111,26.85787904541798,43.773491517228926,3.9899700825698843,32.148409381782535,123.57431847796947
2023-07-07,59.76545980208735,61.682706292360855,715.5292526959649,2.9992750586117536,279.47016968753917,112.09544876122295,12.079798308972679,358.3381941403109,3744.41127645949,5962.327907950461,26.428712535015002,46.038511457879295,4.154846644759662,32.067582136890074,121.42156229298045
2023-07-14,58.90102013943611,60.82006205696935,721.3608764934248,3.0057268583641212,,,,359.1794630076364,3765.18729033914,6140.292973153898,28.041309696567108,41.672801199781986,3.9907063666231064,30.41109556117682,131.5258326751004
2023-07-21,58.301027915164916,61.70908458578649,723.9237397862044,3.0119054564997825,,,,359.8269966672477,3714.360685697153,6219.726041145126,32.28482993684974,39.72419112459267,4.008556793598963,30.51220676434598,125.71398880145622
2023-07-28,57.99432398700764,60.89933106125624,725.5851583368977,3.040237663947874,,,,360.69128701210246,3777.6597058799275,6308.233537158647,18.404597220696587,35.4764298327641,3.695838184611167,30.49414030457379,119.0512565091015
2023-08-04,57.29823562159694,60.141326159201164,718.7428198534984,3.0300068245781726,279.7065668535907,112.71294920127427,12.062735728303561,362.0045766924418,3760.187634666636,6343.693230699824,27.05484792313416,38.43263393003467,3.9421712483776172,30.051310024031753,125.61037509917078
2023-08-11,58.50218648490822,61.12417220403931,722.9538403737151,3.0536738442261044,,,,362.78130378973236,3788.2599706090023,6288.328274049945,18.34835463600175,36.961237465072394,3.85454973401177,30.95090759644028,102.66363950995525
2023-08-18,59.450939400681335,62.35626922255726,729.8097520237679,3.060417330718423,,,,363.62703466168114,3775.604860529882,6383.481121597179,20.296837618435273,35.06785564833805,4.090656185128216,30.472162793573027,107.93440689416126
2023-08-25,58.31735382909138,61.67221925185039,726.5320489311455,3.0497316860883408,,,,364.22230987448825,3841.161907261178,6361.526264920767,15.823044316852375,36.89359994001635,3.865014235011297,30.497410687733893,123.29667102961558
2023-09-01,58.466584652113724,60.73114095730393,729.5332568061109,3.07575646265506,280.4268046367709,113.36982870222809,11.991752304698414,364.66898350864625,3922.8677846884343,6412.571843238311,11.853871753887312,31.341109008839517,3.6535681613829327,30.67947159928723,100.29557193263264
2023-09-08,58.24654920037393,61.370446973416094,737.4090519672117,3.0804491791247512,,,,365.2416543181848,3782.8184369855103,6479.301033847651,30.05036846752786,32.25904142649823,3.74561891526199,30.42412876790731,101.38539353268989
2023-09-15,56.854407897626686,60.24701075822306,750.4576588300597,3.0666466744913476,,,,365.8256707414646,3739.4126214346275,6537.494311297338,21.054098688762853,35.716612929723574,3.9061428525669797,29.639223311340352,115.29965414375485
2023-09-22,57.34645351208458,60.95985057193274,733.1121317148277,3.0733703671103454,,,,366.11395272927507,3847.120299571376,6476.706559004858,9.0,31.9212619532576,4.017906099077964,29.986171142976627,112.67274747344025
2023-09-29,55.26665099110297,58.794726669967304,744.3413829391191,3.1022144263835054,,,,366.62883211098165,3840.9759367720367,6426.014318774307,23.036417193456234,41.83168918971578,4.003894199498181,29.811598919400637,109.52685501852834
2023-10-06,53.887076467932786,56.841604506578655,758.3317884735021,3.078553011183305,281.0407028123083,114.22548225121973,12.09917347392256,366.80675946885566,3691.6074777037793,6498.102949025683,29.349546494087047,35.86151067699325,4.087925478977773,29.229855019801,133.65370538700776
2023-10-13,54.13772072387088,56.62378240204893,743.3067346141215,3.0864841245373063,,,,367.0770796589461,3624.87756653019,6561.257797683661,24.716633487232475,32.517036813230376,3.7919847468900105,29.5106987951913,104.06372980708173
2023-10-20,54.70125623945037,56.67861877151591,741.9885848285251,3.076420869823239,,,,367.39153416908823,3804.1837225615427,6598.5582896340375,9.0,32.760484487227934,3.877792615965422,28.69490554117511,116.43661672612406
2023-10-27,56.51976377873919,58.97847883638094,761.1767155634249,3.0682515149305587,,,,367.99021296665575,3839.101017505215,6528.350853627078,15.171786087033936,37.80336312446412,4.2148295081082985,29.12507618105744,111.98839742308573
2023-11-03,53.38867315634092,55.57940054864603,756.604466578847,3.0781687142206713,281.12247081571047,114.92024592698306,12.097180782086326,368.40542326546085,3674.225592636755,6544.955397546627,31.022688029349904,43.107479306140306,4.372640001545072,28.864792548834117,115.15147800074631
2023-11-10,55.849287870454724,58.290176137557914,743.6632917627823,3.076491568146499,,,,368.654203968666,3711.034457934415,6400.233871967129,14.241340938799917,40.06734612887233,4.180635968916734,29.531114262470922,111.7102843232214
2023-11-17,55.12787207726212,57.57120439441724,759.6441792219526,3.086365647142065,,,,369.24923412410277,3672.9384054294396,6487.8046725989825,21.857508685216896,34.034900116256246,4.312149468450706,29.458542976894297,127.23466105621634
2023-11-24,57.83077201571088,60.49419875431303,749.4503467943742,3.1081487131961807,,,,369.58752624381117,3606.3331208436252,6426.072209812562,28.14971332489023,44.30347222410021,4.062400685403726,30.322743645441342,132.78015839680205
2023-12-01,59.2283348452383,62.90255142851293,761.9502466434467,3.0998896452421185,281.7617130795761,115.60838963565554,12.135989661144349,370.1343752280878,3669.6618603485213,6509.477723608261,15.287774070840939,37.59350799356852,4.050209342423289,31.85929217860936,112.4614130841682
2023-12-08,59.39029742365185,63.19428794374449,749.5560289395459,3.0761314911108495,,,,369.9532705559116,3827.7859560092156,6541.920048166644,9.0,31.278018997685805,4.024687997684806,31.347600428063373,112.61598171541165
2023-12-15,59.67971464998546,62.093398231916645,748.2900042944034,3.0553655316261574,,,,370.9060733069041,3838.700843076079,6572.740753294341,22.006931068259266,34.9769271627857,4.107413944708442,31.50332946386748,126.04613885985495
2023-12-22,61.660589658853176,64.68948599780445,748.8516763020982,3.090545783123725,,,,370.9807818629775,3899.098939126754,6617.064338088702,13.127404665955565,37.724187772583605,4.375682797636189,31.65507723071204,123.10671266936471
2023-12-29,61.8062211990602,63.24950370056658,757.3046176339166,3.094808256129724,,,,370.96347892066547,3964.8311667153207,6527.417689267004,13.739254418655289,31.68871615401748,4.367068059228726,31.484311775404375,130.25062535374812
2024-01-05,61.55675020827088,64.47444282107624,744.0138441255579,3.0715955548671956,282.19648030568453,116.43741735283226,12.130048956781861,370.78676436449024,3944.978290690218,6432.068629718775,21.051435278442018,32.58678445913487,,32.196470409918525,127.51804033004782
2024-01-12,62.74822299715359,65.72570892107021,743.4216862024705,3.070138378147953,,,,370.9973039931273,4053.620320392132,6376.755348863373,11.454492834694904,35.95394580214622,3.813100474515749,32.52741482778008,103.84396278786232
2024-01-19,63.41678101291566,65.67748980928761,748.1902788107127,3.0674633542116414,,,,370.67864218164453,4025.300811786486,6526.130940783945,22.487112194019108,34.5875414745141,3.7219484157732716,32.53689593344946,101.16080314510995
2024-01-26,63.940310078337355,66.01961234998302,753.1188064092953,3.0677963061039875,,,,370.70977445958493,4098.9483038986655,6583.213040470453,15.3045364579822,34.30457413338431,3.7338221282198796,31.890654227726184,104.02354690201284
2024-02-02,65.55112194812457,68.90983557679444,740.7795018642387,3.0625797138657624,282.58116927287546,117.05892867584801,12.21421022256089,370.37442666795533,4283.6997647743,6479.018957724962,9.0,38.35745031038708,4.013891401213484,32.77974118195306,105.60369034003601
2024-02-09,67.22763548734764,70.17452995604803,734.8260555772594,3.0695471793466322,,,,370.444841216424,4233.431959935883,6406.683447767214,23.955560517351255,37.83212479743812,4.143193039167282,33.952963622201,115.37431796378097
2024-02-16,67.72889624957395,71.03490319202992,746.7817401912602,3.0716263265974284,,,,370.42062735657055,4085.9065364658295,6447.537139441806,30.624830154722954,33.62361659041022,4.245200894903775,34.70419221497343,105.43861349553097
2024-02-23,76.30030495344306,79.79384706399127,732.8866243497682,3.067946382037965,,,,370.3507246419064,4218.196765461772,6560.21260660952,11.106364258089732,58.65981511262128,3.9189938549915055,37.4097924787226,126.53817360317841
2024-03-01,80.98606246091357,84.79553061534475,735.3826260749601,3.0722145248347017,283.3482926623693,117.62944180260283,12.120179044457378,370.38076326796136,4257.940335125297,6474.278198300142,16.894551087354543,44.917295538308196,3.8133141805045314,38.33774031828159,109.49137219421246
2024-03-08,82.35426609032056,86.4261825234954,728.2972052900096,3.0842606447207026,,,,370.49605021921184,4255.677899530073,6474.240286399048,17.2481574989136,33.74484247463454,3.977843942258924,38.376243686279274,104.59561083385034
2024-03-15,82.10780631539191,86.20730146468193,733.2465963885759,3.0709012882894986,,,,370.36147797800675,4340.940910446871,6494.3973994330745,14.045992097299196,32.657448950032354,4.13975763743953,37.404478871723576,126.48876312915496
2024-03-22,84.95409059903302,89.82019613936998,732.264055306744,3.0505572433748527,,,,370.1110239893537,4356.981462798146,6612.951584938121,22.556389199091814,41.93907223000651,4.298336860946513,37.964695434328355,128.65566570117448
2024-03-29,86.91432084181322,89.40623202228569,735.3168311971767,3.0553995790261688,,,,369.9049836007055,4383.354780724479,6636.784223960783,21.081300911505906,38.94644075498741,4.148648433224694,38.806960523810055,105.889154901961
2024-04-05,95.62369876834248,99.97448038504692,736.8283635423696,3.055314780627503,284.0297923788892,118.25335227706924,12.152020198173803,369.51606952105675,4420.70423508938,6609.2445087738515,20.792722755213436,55.23494294087998,4.301470198219064,41.284809022353244,104.72354694213958
2024-04-12,98.3532898711959,103.7462543676074,730.9891121665355,3.0570345675560695,,,,369.16348572476824,4350.777037350591,6659.881122763316,28.487832923377226,40.661612760848804,4.421780220863232,41.00081195379103,130.5618434819653
2024-04-19,95.78985951454487,99.79955989731357,743.3583889347364,3.0812614329298644,,,,368.8385714302962,4280.264601441792,6631.22295652598,24.161578060625057,37.316476326931195,4.654383492940207,41.575611361100556,125.6319636747686
2024-04-26,96.6623325666253,100.51184383353659,747.6295174585804,3.083551357683656,,,,368.3721853960078,4279.876402268443,,18.424499231092412,32.92625948329601,4.611376566754519,41.461975240509254,135.80436072211623
2024-05-03,94.08731339532024,97.97904136882674,745.0256608623779,3.0841774185912714,284.58929520556984,118.66903038959549,12.288378174776037,367.5960246470803,4164.688331061961,6500.854982695935,26.6522620525721,36.91843135927914,5.08041434910433,40.13686748881263,126.19432731805361
2024-05-10,92.78311455303754,96.63833700055014,748.9426679638449,3.107081304142331,,,,367.4060257547298,4155.294711852679,6650.327171321045,21.46797290492984,35.59791197596679,5.14769226480616,39.80566673845184,126.30518495424553
2024-05-17,94.86843880819838,99.20257580621656,747.6098443327298,3.1214238377791177,,,,366.82481592557235,4325.038352863249,6692.409557906785,11.170189093478488,39.01079997555924,5.4484244299558995,40.835206018200495,106.23590118725204
2024-05-24,93.39052185834586,96.1784960770153,751.917703491427,3.144846801793773,,,,366.03620867296934,4272.422569747106,6744.98186123603,31.785327168294106,40.863153290173045,5.449197718209096,39.967312460303,112.8008739467179
2024-05-31,91.4472670515009,95.67705081556903,758.7000070255582,3.13692624117037,,,,365.4296921829449,4340.6493785844405,6586.20666455862,21.72448175309762,40.94426626740544,5.305295203802519,40.19122831597139,110.18900355052487
