Date,Month,WTI,Brent,DollarIndex,VIX,CrudeStocks,WTI_ret,Brent_ret,DollarIndex_ret,VIX_change,Inventory_change,Brent_WTI_spread,Spread_change,WTI_lag1,Rolling_vol_6m,GPR,GPR_change
1987-05-31,1987-05,19.44,18.58,,,302680.8,,,,,,-0.860000000000003,,,,98.6509170532227,-14.743164062500298
1987-06-30,1987-06,20.07,18.86,,,302159.0,0.0318933637759535,0.014957543819619,,,-521.7999999999884,-1.2100000000000009,-0.3499999999999978,,,94.1824035644531,-4.468513488769602
1987-07-31,1987-07,21.34,19.86,,,303058.0,0.0613570830653604,0.0516643814117152,,,899.0,-1.4800000000000004,-0.2699999999999996,0.0318933637759535,,98.8719635009766,4.6895599365235086
1987-08-31,1987-08,20.31,18.98,,,305510.25,-0.0494698702813138,-0.0453218654352447,,,2452.25,-1.3299999999999983,0.1500000000000021,0.0613570830653604,,99.9684448242188,1.0964813232422017
1987-09-30,1987-09,19.53,18.31,,,313702.75,-0.0391616307037057,-0.0359384344953626,,,8192.5,-1.2200000000000024,0.1099999999999958,-0.0494698702813138,,121.16707611084,21.198631286621193
1987-10-31,1987-10,19.86,18.76,,,316931.0,0.0167559137284389,0.0242795848916594,,,3228.25,-1.099999999999998,0.1200000000000045,-0.0391616307037057,,101.058586120605,-20.108489990235
1987-11-30,1987-11,18.85,17.78,,,335606.0,-0.0521947447230064,-0.0536527134923199,,,18675.0,-1.0700000000000005,0.0299999999999975,0.0167559137284389,0.0481861407775657,96.1534881591797,-4.905097961425298
1987-12-31,1987-12,17.28,17.05,,,338951.5,-0.0869631505181103,-0.041924026356233,,,3345.5,-0.2300000000000004,0.8399999999999999,-0.0521947447230064,0.0539988836410873,109.856384277344,13.702896118164304
1988-01-31,1988-01,17.13,16.75,,,322168.4,-0.008718451039881,-0.0177519454584502,,,-16783.099999999977,-0.379999999999999,-0.1499999999999985,-0.0869631505181103,0.0362658764154893,83.201530456543,-26.65485382080101
1988-02-29,1988-02,16.8,15.73,,,318612.5,-0.0194524259268153,-0.0628285412008891,,,-3555.9000000000237,-1.0700000000000005,-0.6900000000000013,-0.008718451039881,0.0362099997819091,86.2061462402344,3.0046157836914062
1988-03-31,1988-03,16.2,14.73,,,326672.0,-0.0363676441708751,-0.0656834865956472,,,8059.5,-1.4699999999999989,-0.3999999999999986,-0.0194524259268153,0.0361114851165147,110.206512451172,24.0003662109376
1988-04-30,1988-04,17.86,16.6,,,333731.4,0.097552333210015,0.1195164648879587,,,7059.400000000023,-1.259999999999998,0.2100000000000008,-0.0363676441708751,0.062773547581253,119.45051574707,9.244003295897997
1988-05-31,1988-05,17.42,16.31,,,342637.5,-0.0249446040239962,-0.0176242787295755,,,8906.099999999977,-1.110000000000003,0.149999999999995,0.097552333210015,0.0607304184821938,104.873474121094,-14.577041625975994
1988-06-30,1988-06,16.53,15.54,,,342448.5,-0.0524420595914238,-0.0483610716934208,,,-189.0,-0.990000000000002,0.120000000000001,-0.0249446040239962,0.0535494464558856,79.708122253418,-25.16535186767601
1988-07-31,1988-07,15.5,14.91,,,335893.6,-0.0643368879077321,-0.0413852161628542,,,-6554.900000000023,-0.5899999999999999,0.4000000000000021,-0.0524420595914238,0.0584169870302164,83.4304809570313,3.7223587036133097
1988-08-31,1988-08,15.52,14.89,,,325005.5,0.0012894908298717,-0.0013422820807296,,,-10888.099999999977,-0.629999999999999,-0.0399999999999991,-0.0643368879077321,0.0588313186248356,84.0541610717773,0.6236801147459943
1988-09-30,1988-09,14.54,13.18,,,307367.2,-0.0652260426496993,-0.1219893176215562,,,-17638.29999999999,-1.3599999999999994,-0.7300000000000004,0.0012894908298717,0.0621873194635284,74.842658996582,-9.211502075195298
1988-10-31,1988-10,13.77,12.41,,,311845.75,-0.0544111593648097,-0.0601979298578454,,,4478.549999999988,-1.3599999999999994,0.0,-0.0652260426496993,0.0262886595516619,73.4502334594727,-1.392425537109304
1988-11-30,1988-11,14.14,13.02,,,322501.0,0.0265153477278632,0.0479840375639075,,,10655.25,-1.120000000000001,0.2399999999999984,-0.0544111593648097,0.0388742303802322,68.7984161376953,-4.651817321777401
1988-12-31,1988-12,16.38,15.31,,,318281.2,0.1470534179564966,0.1620195728891689,,,-4219.799999999988,-1.0699999999999985,0.0500000000000024,0.0265153477278632,0.0820607463977502,90.3987197875977,21.6003036499024
1989-01-31,1989-01,18.02,17.17,,,305440.5,0.0954211737552683,0.1146574652397918,,,-12840.700000000012,-0.8499999999999979,0.2200000000000006,0.1470534179564966,0.0835074431806043,89.2465896606445,-1.152130126953196
1989-02-28,1989-02,17.94,16.89,,,307620.5,-0.0044493955495417,-0.0164419440896752,,,2180.0,-1.0500000000000007,-0.2000000000000028,0.0954211737552683,0.0838668986050138,91.6185531616211,2.371963500976591
1989-03-31,1989-03,19.48,18.7,,,314569.8,0.082355441583739,0.1018017930408321,,,6949.299999999988,-0.7800000000000011,0.2699999999999996,-0.0044493955495417,0.0734000904049563,87.733772277832,-3.884780883789091
1989-04-30,1989-04,21.07,20.32,,,309411.0,0.0784619296017083,0.08308209884974,,,-5158.799999999988,-0.75,0.0300000000000011,0.082355441583739,0.0533602275515804,83.5790939331055,-4.154678344726506
1989-05-31,1989-05,20.12,18.63,,,324703.25,-0.0461358825845588,-0.0868324380967839,,,15292.25,-1.490000000000002,-0.740000000000002,0.0784619296017083,0.0708283142422279,103.828506469727,20.249412536621506
1989-06-30,1989-06,20.05,17.67,,,320788.8,-0.0034851914789606,-0.0529048982818918,,,-3914.450000000012,-2.379999999999999,-0.889999999999997,-0.0461358825845588,0.0589785867097859,89.461555480957,-14.36695098877
1989-07-31,1989-07,19.78,17.62,,,313818.75,-0.0135578275580119,-0.0028336658235716,,,-6970.049999999988,-2.16,0.2199999999999988,-0.0034851914789606,0.0526034294186547,84.7531051635742,-4.708450317382798
1989-08-31,1989-08,18.58,16.77,,,315134.0,-0.0625855928088738,-0.0494430446729161,,,1315.25,-1.8099999999999987,0.3500000000000014,-0.0135578275580119,0.0616041337313889,109.177291870117,24.424186706542798
1989-09-30,1989-09,19.59,17.77,,,314250.8,0.052933498570757,0.0579200663314427,,,-883.2000000000116,-1.8200000000000005,-0.0100000000000015,-0.0625855928088738,0.0551260055426862,85.5458450317383,-23.631446838378707
1989-10-31,1989-10,20.1,18.91,,,320437.5,0.025700583108581,0.0621792405038061,,,6186.700000000012,-1.1900000000000013,0.629999999999999,0.052933498570757,0.0432057865234413,69.5246734619141,-16.02117156982419
1989-11-30,1989-11,19.86,18.73,,,325064.25,-0.0120121564480037,-0.0095643662143691,,,4626.75,-1.129999999999999,0.0600000000000022,0.025700583108581,0.0392211401443677,92.8287124633789,23.3040390014648
1989-12-31,1989-12,21.1,19.84,,,326616.6,0.0605653818649942,0.0575735854007297,,,1552.3499999999767,-1.2600000000000016,-0.1300000000000025,-0.0120121564480037,0.0467791777310551,112.553527832031,19.724815368652088
1990-01-31,1990-01,22.86,21.25,,25.36,325584.25,0.0801156178846436,0.068656793513699,,,-1032.3499999999767,-1.6099999999999994,-0.3499999999999978,0.0605653818649942,0.0531411019403125,81.5440444946289,-31.009483337402088
1990-02-28,1990-02,22.11,19.81,,21.99,328151.5,-0.0333586634973093,-0.0701700346599665,,-3.370000000000001,2567.25,-2.3000000000000007,-0.6900000000000013,0.0801156178846436,0.0441893145490191,77.4072113037109,-4.136833190918011
1990-03-31,1990-03,20.39,18.39,,19.73,334290.0,-0.0809854102829912,-0.0743798220942295,,-2.259999999999998,6138.5,-2.0,0.3000000000000007,-0.0333586634973093,0.0604911925561336,67.5919418334961,-9.815269470214801
1990-04-30,1990-04,18.43,16.61,,19.52,350901.75,-0.1010648129046321,-0.1018021149910262,,-0.2100000000000008,16611.75,-1.8200000000000005,0.1799999999999997,-0.0809854102829912,0.0732973814095412,81.6438446044922,14.051902770996108
1990-05-31,1990-05,18.2,16.35,,17.37,359099.0,-0.012558177598982,-0.0157770262819409,,-2.1499999999999986,8197.25,-1.8499999999999976,-0.0299999999999975,-0.1010648129046321,0.0732940782604763,86.4071197509766,4.763275146484403
1990-06-30,1990-06,16.7,15.1,,15.5,367303.4,-0.0860128746600401,-0.0795331535223837,,-1.870000000000001,8204.400000000023,-1.5999999999999996,0.2499999999999982,-0.012558177598982,0.0674456048481345,79.6811065673828,-6.726013183593807
1990-07-31,1990-07,18.45,17.17,,21.11,369119.0,0.0996556510638266,0.1284689310885052,,5.609999999999999,1815.5999999999767,-1.2799999999999976,0.320000000000002,-0.0860128746600401,0.0744538622344137,85.7874298095703,6.1063232421875
1990-08-31,1990-08,27.31,27.17,,29.9,360770.2,0.3921885649990773,0.4589497485288722,,8.79,-8348.799999999988,-0.139999999999997,1.1400000000000006,0.0996556510638266,0.1900715232305661,250.451080322266,164.6636505126957
1990-09-30,1990-09,33.51,34.9,,29.11,350028.5,0.2045909662636056,0.2503734057701252,,-0.7899999999999991,-10741.700000000012,1.3900000000000006,1.5299999999999976,0.3921885649990773,0.1909113274265095,188.660537719727,-61.790542602539006
1990-10-31,1990-10,36.04,36.02,,30.04,329562.25,0.072785530990918,0.0315875105394285,,0.9299999999999996,-20466.25,-0.019999999999996,-1.4099999999999966,0.2045909662636056,0.1694062636123954,143.852569580078,-44.80796813964898
1990-11-30,1990-11,32.33,33.07,,22.16,328568.8,-0.1086338410027956,-0.0854478127541087,,-7.879999999999999,-993.4500000000116,0.740000000000002,0.759999999999998,0.072785530990918,0.187123112339517,158.743545532227,14.890975952148978
1990-12-31,1990-12,27.28,28.27,,26.38,319869.5,-0.1698417587620801,-0.1568253552882024,,4.219999999999999,-8699.299999999988,0.9899999999999984,0.2499999999999964,-0.1086338410027956,0.2056246043908312,153.16242980957,-5.581115722656989
1991-01-31,1991-01,25.23,23.57,,20.91,307519.0,-0.0781200703222948,-0.1818264547574593,,-5.469999999999999,-12350.5,-1.66,-2.6499999999999986,-0.1698417587620801,0.2151243240205136,379.249786376953,226.087356567383
1991-02-28,1991-02,20.48,19.54,,21.23,313742.25,-0.2085849624816593,-0.1875110703334028,,0.3200000000000003,6223.25,-0.9400000000000012,0.7199999999999989,-0.0781200703222948,0.1572310147555856,339.358032226563,-39.89175415039
1991-03-31,1991-03,19.9,19.08,,16.88,319746.0,-0.0287290684408603,-0.0238229805944962,,-4.350000000000001,6003.75,-0.8200000000000003,0.120000000000001,-0.2085849624816593,0.1011131305583371,148.618316650391,-190.73971557617202
1991-04-30,1991-04,20.83,19.18,,18.24,324480.5,0.0456745235424338,0.0052274034351516,,1.3599999999999994,4734.5,-1.6499999999999986,-0.8299999999999983,-0.0287290684408603,0.0928179431969938,97.760009765625,-50.858306884765994
1991-05-31,1991-05,21.23,19.19,,15.93,328694.4,0.0190210204422842,0.0005212405643164,,-2.3099999999999987,4213.900000000023,-2.039999999999999,-0.3900000000000005,0.0456745235424338,0.1022239456312661,88.5690231323242,-9.190986633300795
1991-06-30,1991-06,20.19,18.17,,19.55,336155.0,-0.0502278433904188,-0.0546174276115287,,3.620000000000001,7460.599999999977,-2.02,0.0199999999999995,0.0190210204422842,0.0897884103714661,87.7338333129883,-0.8351898193359091
1991-07-31,1991-07,21.4,19.4,,15.18,331953.0,0.0582034897030596,0.0655011836612025,,-4.370000000000001,-4202.0,-2.0,0.0199999999999995,-0.0502278433904188,0.0981566220250697,115.184677124023,27.4508438110347
1991-08-31,1991-08,21.69,19.77,,14.46,331372.4,0.0134604028109772,0.018892571113243,,-0.7199999999999989,-580.5999999999767,-1.9200000000000017,0.0799999999999983,0.0582034897030596,0.0419900241225003,113.495025634766,-1.6896514892570025
1991-09-30,1991-09,21.89,20.5,,15.85,322203.0,0.0091785866959885,0.0362592489618371,,1.3899999999999988,-9169.400000000023,-1.3900000000000006,0.5300000000000011,0.0134604028109772,0.0377090642152295,117.942192077637,4.4471664428710085
1991-10-31,1991-10,23.23,22.21,,15.48,326544.0,0.0594146352475464,0.0801177517619735,,-0.3699999999999992,4341.0,-1.0199999999999996,0.370000000000001,0.0091785866959885,0.0402139655262167,100.831809997559,-17.110382080077997
1991-11-30,1991-11,22.46,21.11,,20.26,329284.0,-0.033708597472021,-0.0507957760461068,,4.780000000000001,2740.0,-1.3500000000000014,-0.3300000000000018,0.0594146352475464,0.0454171995517065,100.742332458496,-0.08947753906301159
1991-12-31,1991-12,19.5,18.41,,19.31,320002.5,-0.141321483740596,-0.1368528666152428,,-0.9500000000000028,-9281.5,-1.09,0.2600000000000015,-0.033708597472021,0.0749528902268606,103.969535827637,3.2272033691410087
1992-01-31,1992-01,18.79,18.16,,17.4,318295.4,-0.0370896521443269,-0.013672622071839,,-1.91,-1707.0999999999767,-0.629999999999999,0.4600000000000008,-0.141321483740596,0.0684976923470663,102.957633972168,-1.0119018554690058
1992-02-29,1992-02,19.01,18.05,,16.68,320194.5,0.0116403430749638,-0.0060756883942572,,-0.7199999999999989,1899.0999999999767,-0.9600000000000009,-0.3300000000000018,-0.0370896521443269,0.0683147465224012,87.2034683227539,-15.754165649414091
1992-03-31,1992-03,18.92,17.63,,16.18,329195.75,-0.0047455928766053,-0.0235436883691111,,-0.5,9001.25,-1.2900000000000027,-0.3300000000000018,0.0116403430749638,0.0672730968519969,85.2973175048828,-1.906150817871108
1992-04-30,1992-04,20.23,18.92,,15.53,329803.75,0.0669470875559214,0.0706175672139535,,-0.6500000000000004,608.0,-1.3099999999999987,-0.019999999999996,-0.0047455928766053,0.0691907628351042,85.8556213378906,0.5583038330077983
1992-05-31,1992-05,20.98,19.89,,13.86,333260.2,0.0364029517884971,0.0499975292421481,,-1.67,3456.450000000012,-1.09,0.2199999999999988,0.0669470875559214,0.0728533704601423,78.968147277832,-6.887474060058594
1992-06-30,1992-06,22.39,21.16,,13.35,324318.5,0.0650448276425121,0.0618955141242181,,-0.5099999999999998,-8941.700000000012,-1.2300000000000004,-0.1400000000000005,0.0364029517884971,0.0409594250760431,93.8490905761719,14.8809432983399
1992-07-31,1992-07,21.78,20.24,,13.17,311654.2,-0.0276223131058488,-0.044451762570834,,-0.1799999999999997,-12664.299999999988,-1.5400000000000027,-0.3100000000000023,0.0650448276425121,0.0382744179275641,75.1967697143555,-18.652320861816406
1992-08-31,1992-08,21.34,19.74,,13.58,312180.25,-0.0204088716312074,-0.0250138104139292,,0.4100000000000001,526.0499999999884,-1.6000000000000014,-0.0599999999999987,-0.0276223131058488,0.0424547480111539,81.6451950073242,6.448425292968707
1992-09-30,1992-09,21.88,20.27,,14.28,309516.25,0.0249897316801734,0.0264949264585729,,0.6999999999999993,-2664.0,-1.6099999999999994,-0.009999999999998,-0.0204088716312074,0.0407937465534863,74.6097183227539,-7.035476684570298
1992-10-31,1992-10,21.69,20.26,,16.15,310885.4,-0.0087216527149975,-0.0004934616433711,,1.8699999999999992,1369.1500000000233,-1.4299999999999995,0.1799999999999997,0.0249897316801734,0.036405348552746,68.1827774047852,-6.426940917968707
1992-11-30,1992-11,20.34,19.21,,13.01,306462.0,-0.064261934218369,-0.0532175220400721,,-3.139999999999999,-4423.400000000023,-1.129999999999999,0.3000000000000007,-0.0087216527149975,0.0449010727513639,91.0089950561523,22.826217651367102
1992-12-31,1992-12,19.41,18.14,,12.57,308661.25,-0.0468009934394952,-0.0573115320934745,,-0.4399999999999995,2199.25,-1.2699999999999996,-0.1400000000000005,-0.064261934218369,0.0309842476439303,83.4209671020508,-7.588027954101506
1993-01-31,1993-01,19.03,17.39,,12.42,304560.0,-0.0197717158728605,-0.0422241163207988,,-0.1500000000000003,-4101.25,-1.6400000000000006,-0.370000000000001,-0.0468009934394952,0.0309565216144726,128.918075561523,45.497108459472216
1993-02-28,1993-02,20.09,18.47,,13.16,313545.0,0.0542054975187848,0.0602524658449565,,0.7400000000000002,8985.0,-1.620000000000001,0.0199999999999995,-0.0197717158728605,0.0441415829634217,90.4680633544922,-38.45001220703081
1993-03-31,1993-03,20.32,18.79,,12.53,321485.75,0.0113834438834379,0.0171770192142255,,-0.6300000000000008,7940.75,-1.5300000000000011,0.0899999999999998,0.0542054975187848,0.0422915459870256,94.2414474487305,3.7733840942382955
1993-04-30,1993-04,20.25,18.67,,12.42,327529.6,-0.0034508291577326,-0.0064068558717425,,-0.1099999999999994,6043.849999999977,-1.5799999999999983,-0.0499999999999971,0.0113834438834379,0.0424359313183743,112.721664428711,18.480216979980497
1993-05-31,1993-05,19.95,18.51,,13.47,334326.5,-0.0149256502166759,-0.0086068309682252,,1.0500000000000007,6796.900000000023,-1.4399999999999975,0.1400000000000005,-0.0034508291577326,0.0341212130064778,110.729751586914,-1.9919128417969887
1993-06-30,1993-06,19.09,17.65,,11.26,332949.5,-0.0440645055982162,-0.0475753432061005,,-2.210000000000001,-1377.0,-1.4400000000000013,-3.552713678800501e-15,-0.0149256502166759,0.0334336512653761,104.195251464844,-6.53450012207
1993-07-31,1993-07,17.89,16.78,,11.73,336538.0,-0.0649227402170282,-0.0505480823402453,,0.4700000000000006,3588.5,-1.1099999999999994,0.3300000000000018,-0.0440645055982162,0.0420074379391995,123.314788818359,19.119537353515
1993-08-31,1993-08,18.01,16.7,,11.85,329255.0,0.0066852616672368,-0.0047789816163508,,0.1199999999999992,-7283.0,-1.3100000000000025,-0.2000000000000028,-0.0649227402170282,0.0302479797861899,97.2416763305664,-26.0731124877926
1993-09-30,1993-09,17.5,16.01,,12.99,319003.5,-0.0287262782583961,-0.0421951924140859,,1.1400000000000006,-10251.5,-1.4899999999999984,-0.1799999999999961,0.0066852616672368,0.0266117333102365,89.1647796630859,-8.076896667480511
1993-10-31,1993-10,18.15,16.61,,11.46,313799.8,0.036469679781391,0.03679139661658,,-1.5299999999999994,-5203.700000000012,-1.5399999999999991,-0.0500000000000007,-0.0287262782583961,0.0362809803468248,106.165908813477,17.001129150391108
1993-11-30,1993-11,16.61,15.2,,13.76,316589.5,-0.088665637085656,-0.088709495772973,,2.299999999999999,2789.700000000012,-1.41,0.129999999999999,0.036469679781391,0.0460933435514784,83.4801788330078,-22.685729980469205
1993-12-31,1993-12,14.52,13.73,,11.66,326642.8,-0.1344779142285537,-0.1017122080723509,,-2.1,10053.299999999988,-0.7899999999999991,0.620000000000001,-0.088665637085656,0.063057440799907,79.5517959594727,-3.9283828735350994
1994-01-31,1994-01,15.03,14.29,,10.63,314481.0,0.0345211943682333,0.0399767721618964,,-1.0299999999999994,-12161.799999999988,-0.7400000000000002,0.0499999999999989,-0.1344779142285537,0.0696854451294682,83.4899749755859,3.938179016113196
1994-02-28,1994-02,14.78,13.8,,14.87,314289.25,-0.0167732882448277,-0.0348913997786168,,4.239999999999998,-191.75,-0.9799999999999986,-0.2399999999999984,0.0345211943682333,0.0679163147444516,117.242065429688,33.7520904541021
1994-03-31,1994-03,14.68,13.82,,20.45,317806.75,-0.0067888923336858,0.0014482261763646,,5.58,3517.5,-0.8599999999999994,0.1199999999999992,-0.0167732882448277,0.0687737383086746,93.4740371704102,-23.7680282592778
1994-04-30,1994-04,16.42,15.23,,13.77,320500.8,0.1120140808379126,0.0971503485675464,,-6.68,2694.0499999999884,-1.1900000000000013,-0.3300000000000018,-0.0067888923336858,0.0875669465500564,95.3569717407227,1.8829345703125
1994-05-31,1994-05,17.89,16.19,,13.03,316308.0,0.0857417934963455,0.0611266007824737,,-0.7400000000000002,-4192.799999999988,-1.6999999999999993,-0.509999999999998,0.1120140808379126,0.0878450255953913,104.466789245605,9.109817504882301
1994-06-30,1994-06,19.06,16.76,,14.97,309575.5,0.0633500007054279,0.0346013273643928,,1.9400000000000013,-6732.5,-2.299999999999997,-0.5999999999999979,0.0857417934963455,0.051175436575156,120.352241516113,15.885452270507997
1994-07-31,1994-07,19.66,17.6,,11.13,313822.8,0.0309942164929646,0.0489038069901694,,-3.84,4247.299999999988,-2.0599999999999987,0.2399999999999984,0.0633500007054279,0.0513445956085934,99.6402359008789,-20.71200561523409
1994-08-31,1994-08,18.38,16.89,,11.97,310189.75,-0.0673229977914795,-0.0411771712243975,,0.8399999999999999,-3633.049999999989,-1.4899999999999984,0.5700000000000003,0.0309942164929646,0.0656221597763963,98.2270278930664,-1.4132080078125
1994-09-30,1994-09,17.45,15.9,,14.28,311207.6,-0.0519234682791047,-0.0604026215935227,,2.3099999999999987,1017.8499999999768,-1.549999999999999,-0.0600000000000005,-0.0673229977914795,0.0736496799547546,98.8984832763672,0.6714553833007955
1994-10-31,1994-10,17.72,16.49,,14.56,321708.25,0.0153542965284985,0.0364350273453215,,0.2800000000000011,10500.650000000023,-1.2300000000000004,0.3199999999999985,-0.0519234682791047,0.0613549063032599,94.853630065918,-4.0448532104492045
1994-11-30,1994-11,18.07,17.19,,15.95,325264.0,0.0195591594272026,0.0415736828232504,,1.3899999999999988,3555.75,-0.879999999999999,0.3500000000000014,0.0153542965284985,0.0506041653028527,86.5298080444336,-8.323822021484403
1994-12-31,1994-12,17.16,15.93,,13.2,318906.0,-0.0516720105443209,-0.076123695472801,,-2.75,-6358.0,-1.2300000000000004,-0.3500000000000014,0.0195591594272026,0.0439078755887332,96.0475006103516,9.517692565918011
1995-01-31,1995-01,18.04,16.55,,11.96,310321.25,0.0500104205746612,0.0381819779011149,,-1.2399999999999984,-8584.75,-1.4899999999999984,-0.259999999999998,-0.0516720105443209,0.0485495101827884,80.1546783447266,-15.892822265625
1995-02-28,1995-02,18.57,17.11,,11.75,307348.25,0.0289558607301367,0.03327698608103,,-0.2100000000000008,-2973.0,-1.4600000000000009,0.0299999999999975,0.0500104205746612,0.0431421249962298,76.8753280639648,-3.279350280761804
1995-03-31,1995-03,18.54,17.01,,13.37,312117.6,-0.0016168152269053,-0.0058616814963317,,1.6199999999999992,4769.349999999977,-1.5299999999999976,-0.0699999999999967,0.0289558607301367,0.0346944765499686,82.2444458007813,5.369117736816506
1995-04-30,1995-04,19.9,18.65,,11.75,319638.25,0.0707891715927377,0.0920447396820542,,-1.6199999999999992,7520.650000000023,-1.25,0.2799999999999976,-0.0016168152269053,0.0428067716058395,99.1908798217773,16.946434020995994
1995-05-31,1995-05,19.74,18.35,,12.85,314232.0,-0.0080726977251113,-0.0162165715892452,,1.0999999999999996,-5406.25,-1.389999999999997,-0.139999999999997,0.0707891715927377,0.0442405295463282,87.842529296875,-11.348350524902301
1995-06-30,1995-06,18.45,17.31,,11.38,304965.6,-0.0675826635187992,-0.0583452053124613,,-1.4699999999999989,-9266.400000000023,-1.1400000000000006,0.2499999999999964,-0.0080726977251113,0.0492141285395549,104.607757568359,16.765228271484006
1995-07-31,1995-07,17.33,15.85,,13.49,299268.0,-0.0626252667590216,-0.0881148688648285,,2.1099999999999994,-5697.599999999977,-1.4799999999999986,-0.3399999999999981,-0.0675826635187992,0.053175123858389,107.645416259766,3.037658691406989
1995-08-31,1995-08,18.02,16.1,,11.52,290087.0,0.0390431484526772,0.0156497716671277,,-1.9700000000000009,-9181.0,-1.9199999999999984,-0.4399999999999995,-0.0626252667590216,0.0546661601032564,106.934783935547,-0.7106323242189916
1995-09-30,1995-09,18.23,16.7,,12.74,291197.2,0.0115863365103798,0.0365894474322923,,1.2200000000000006,1110.2000000000116,-1.5300000000000011,0.389999999999997,0.0390431484526772,0.0550941714937793,71.2051696777344,-35.7296142578126
1995-10-31,1995-10,17.43,16.11,,13.83,282606.25,-0.0448757291586421,-0.0359685222338264,,1.09,-8590.950000000012,-1.3200000000000005,0.2100000000000008,0.0115863365103798,0.0431270725957387,67.7415008544922,-3.4636688232422017
1995-11-30,1995-11,17.99,16.86,,11.58,293226.75,0.0316231884305122,0.0455037553848263,,-2.25,10620.5,-1.129999999999999,0.1900000000000012,-0.0448757291586421,0.0484263210775138,76.33349609375,8.591995239257798
1995-12-31,1995-12,19.03,17.93,,12.52,294793.2,0.0562006333456164,0.0615313350433321,,0.9399999999999996,1566.4500000000116,-1.1000000000000014,0.0299999999999975,0.0316231884305122,0.0481523181506687,65.6720581054688,-10.661437988281193
1996-01-31,1996-01,18.86,17.85,,12.53,289521.75,-0.0089734041027469,-0.0044717793913933,,0.0099999999999997,-5271.450000000012,-1.009999999999998,0.0900000000000034,0.0562006333456164,0.0366565771002253,75.6349258422852,9.962867736816392
1996-02-29,1996-02,19.09,18.0,,17.04,285554.25,0.0121213605323449,0.0083682496705161,,4.51,-3967.5,-1.09,-0.0800000000000018,-0.0089734041027469,0.0345818389465472,80.4209213256836,4.785995483398395
1996-03-31,1996-03,21.33,19.85,,18.88,282967.2,0.1109498947456031,0.0978322492370349,,1.84,-2587.0499999999884,-1.4799999999999969,-0.389999999999997,0.0121213605323449,0.0540354057976754,82.1476135253906,1.7266921997070028
1996-04-30,1996-04,23.5,20.9,,15.83,281366.25,0.0968858886668542,0.0515451518375655,,-3.049999999999999,-1600.9500000000116,-2.6000000000000014,-1.1200000000000043,0.1109498947456031,0.0473323314816248,84.8286209106445,2.6810073852539062
1996-05-31,1996-05,21.17,19.15,,16.07,285409.8,-0.1044153360033397,-0.0874464433441102,,0.2400000000000002,4043.549999999989,-2.020000000000003,0.5799999999999983,0.0968858886668542,0.079460242804385,65.5308227539063,-19.297798156738196
1996-06-30,1996-06,20.42,18.46,,13.68,291746.75,-0.0360702724102539,-0.0366964865519485,,-2.390000000000001,6336.950000000012,-1.9600000000000009,0.0600000000000022,-0.1044153360033397,0.0816082101071482,69.0885848999023,3.5577621459959943
1996-07-31,1996-07,21.3,19.57,,19.46,294686.5,0.0421922599788597,0.0583915523332785,,5.780000000000001,2939.75,-1.7300000000000004,0.2300000000000004,-0.0360702724102539,0.0816829021336692,80.6443176269531,11.555732727050795
1996-08-31,1996-08,21.9,20.51,,17.01,293361.6,0.0277795641070754,0.0469147906763045,,-2.4499999999999997,-1324.9000000000233,-1.389999999999997,0.3400000000000034,0.0421922599788597,0.0816203209051054,81.6876449584961,1.0433273315429972
1996-09-30,1996-09,23.97,22.63,,16.95,290381.5,0.0903164116238377,0.0983638875611565,,-0.0600000000000022,-2980.0999999999767,-1.34,0.0499999999999971,0.0277795641070754,0.0774984893620167,88.1969757080078,6.5093307495117045
1996-10-31,1996-10,24.88,24.16,,18.11,285891.0,0.0372612194246859,0.0654219134211682,,1.16,-4490.5,-0.7199999999999989,0.620000000000001,0.0903164116238377,0.0689322230064679,55.5868301391602,-32.6101455688476
1996-11-30,1996-11,23.71,22.76,,17.14,288436.0,-0.0481673677936647,-0.0596937638084837,,-0.9699999999999988,2545.0,-0.9499999999999992,-0.2300000000000004,0.0372612194246859,0.0521125237100804,57.344612121582,1.757781982421804
1996-12-31,1996-12,25.23,23.78,,20.92,278083.75,0.0621368625756524,0.0438402820045054,,3.780000000000001,-10352.25,-1.4499999999999993,-0.5,-0.0481673677936647,0.0465225056240099,74.9826354980469,17.6380233764649
1997-01-31,1997-01,25.13,23.54,,19.47,273622.4,-0.0039714110974657,-0.0101437894305052,,-1.4500000000000028,-4461.349999999977,-1.59,-0.1400000000000005,0.0621368625756524,0.0489018457877381,54.0624351501465,-20.920200347900405
1997-02-28,1997-02,22.18,20.85,,21.1,286173.0,-0.1248713696332797,-0.1213471535873198,,1.6300000000000026,12550.599999999977,-1.3299999999999983,0.2600000000000015,-0.0039714110974657,0.0791306118877695,50.5599403381348,-3.5024948120116974
1997-03-31,1997-03,20.97,19.13,,22.14,289600.0,-0.0560981370083926,-0.0860961647926492,,1.0399999999999991,3427.0,-1.84,-0.5100000000000016,-0.1248713696332797,0.068330636025856,58.4800605773926,7.920120239257798
1997-04-30,1997-04,19.7,17.56,,20.06,297440.5,-0.0624742091698857,-0.0856341952451908,,-2.080000000000002,7840.5,-2.140000000000001,-0.3000000000000007,-0.0560981370083926,0.0628600562070939,62.8444862365723,4.364425659179702
1997-05-31,1997-05,20.82,19.02,,19.19,304866.0,0.0552954274428802,0.0798674689102738,,-0.8699999999999974,7425.5,-1.8000000000000007,0.3399999999999998,-0.0624742091698857,0.0731591550706143,53.5760154724121,-9.268470764160199
1997-06-30,1997-06,19.26,17.58,,21.53,306239.75,-0.0778836568168435,-0.0787291648602135,,2.34,1373.75,-1.6800000000000033,0.1199999999999974,0.0552954274428802,0.0626606815719709,39.0456237792969,-14.530391693115199
1997-07-31,1997-07,19.66,18.46,,21.48,300908.75,0.020555708349041,0.0488443368176754,,-0.0500000000000007,-5331.0,-1.1999999999999993,0.480000000000004,-0.0778836568168435,0.0665518971035263,47.6984252929688,8.652801513671896
1997-08-31,1997-08,19.95,18.6,,24.76,293182.8,0.0146430286168519,0.0075553516444495,,3.280000000000001,-7725.950000000012,-1.349999999999998,-0.1499999999999985,0.020555708349041,0.0546609787249392,48.5822982788086,0.8838729858398011
1997-09-30,1997-09,19.8,18.46,,22.91,285161.5,-0.0075472056353826,-0.0075553516444495,,-1.8500000000000012,-8021.299999999988,-1.34,0.009999999999998,0.0146430286168519,0.0513245661930459,42.6890869140625,-5.893211364746101
1997-10-31,1997-10,21.33,19.87,,35.09,289273.4,0.0744325947827695,0.073604827489019,,12.180000000000003,4111.900000000023,-1.4599999999999973,-0.1199999999999974,-0.0075472056353826,0.0534870244838132,49.7463073730469,7.057220458984403
1997-11-30,1997-11,20.19,19.17,,27.43,300345.5,-0.0549271001585132,-0.0358644995061721,,-7.660000000000004,11072.099999999977,-1.0199999999999996,0.4399999999999977,0.0744325947827695,0.0550629148074,59.6933708190918,9.947063446044893
1997-12-31,1997-12,18.33,17.18,,24.01,300018.5,-0.0966483704731326,-0.1096006405014438,,-3.419999999999998,-327.0,-1.1499999999999986,-0.129999999999999,-0.0549271001585132,0.0603055363324123,43.9982681274414,-15.695102691650398
1998-01-31,1998-01,16.72,15.19,,21.47,297778.0,-0.091933454195058,-0.123108599948428,,-2.5400000000000027,-2240.5,-1.5299999999999994,-0.3800000000000008,-0.0966483704731326,0.0667057661203895,53.0963020324707,9.098033905029304
1998-02-28,1998-02,16.06,14.07,,18.55,307301.25,-0.0402738991379396,-0.0765924454813835,,-2.919999999999998,9523.25,-1.9899999999999984,-0.4599999999999991,-0.091933454195058,0.0635422107571925,77.5976181030273,24.501316070556598
1998-03-31,1998-03,15.12,13.1,,24.22,309284.25,-0.0603133377672286,-0.0714326409191921,,5.669999999999998,1983.0,-2.02,-0.0300000000000011,-0.0402738991379396,0.0624336620545529,57.2480621337891,-20.349555969238203
1998-04-30,1998-04,15.35,13.53,,21.18,321145.75,0.015097103281819,0.0322972119755911,,-3.039999999999999,11861.5,-1.8200000000000005,0.1999999999999993,-0.0603133377672286,0.0406379099583098,50.99658203125,-6.251480102539098
1998-05-31,1998-05,14.91,14.36,,21.32,331415.4,-0.0290833452565588,0.0595371214373812,,0.1400000000000005,10269.650000000023,-0.5500000000000007,1.2699999999999996,0.015097103281819,0.0419736274351748,94.4734878540039,43.476905822753906
1998-06-30,1998-06,13.72,12.21,,19.71,327098.75,-0.0831775064789077,-0.1621912754974648,,-1.6099999999999994,-4316.650000000023,-1.5099999999999998,-0.9599999999999992,-0.0290833452565588,0.0392874729675693,76.3090744018555,-18.16441345214841
1998-07-31,1998-07,14.17,12.08,,24.8,323744.2,0.0322724314048499,-0.0107040956159445,,5.09,-3354.5499999999884,-2.09,-0.5800000000000001,-0.0831775064789077,0.0441125785680027,54.0484161376953,-22.2606582641602
1998-08-31,1998-08,13.47,11.91,,44.28,324504.0,-0.0506620632803165,-0.0141728091394597,,19.48,759.7999999999884,-1.5600000000000005,0.5299999999999994,0.0322724314048499,0.0449071572419285,97.0208587646484,42.9724426269531
1998-09-30,1998-09,15.03,13.34,,40.95,306375.25,0.1095832133426104,0.1133886571202689,,-3.3299999999999983,-18128.75,-1.6899999999999995,-0.129999999999999,-0.0506620632803165,0.0687065582483167,62.5134429931641,-34.5074157714843
1998-10-31,1998-10,14.46,12.7,,28.05,315701.0,-0.0386619870342643,-0.0491650470229321,,-12.900000000000002,9325.75,-1.7600000000000016,-0.070000000000002,0.1095832133426104,0.0696866207602345,54.4036483764648,-8.109794616699297
1998-11-30,1998-11,13.0,11.04,,26.01,322217.25,-0.106436859269082,-0.1400769526155967,,-2.039999999999999,6516.25,-1.9600000000000009,-0.1999999999999993,-0.0386619870342643,0.0802829237996133,67.9659271240234,13.562278747558594
1998-12-31,1998-12,11.35,9.82,,24.42,321104.75,-0.1357316135341251,-0.1171039184825746,,-1.59,-1112.5,-1.5299999999999994,0.4300000000000015,-0.106436859269082,0.0904097000951767,75.9598922729492,7.99396514892581
1999-01-31,1999-01,12.52,11.11,,26.25,311169.8,0.0981096217445407,0.1234244812851641,,1.8299999999999983,-9934.950000000012,-1.41,0.1199999999999992,-0.1357316135341251,0.1028521799025199,63.9872245788574,-11.972667694091804
1999-02-28,1999-02,12.01,10.27,,27.88,316557.25,-0.0415877295800601,-0.0786185797110716,,1.629999999999999,5387.450000000012,-1.7400000000000002,-0.33,0.0981096217445407,0.1023879795558857,58.3163833618164,-5.670841217041001
1999-03-31,1999-03,14.68,12.51,,23.26,323367.5,0.2007463870944774,0.1973013005383528,,-4.619999999999997,6810.25,-2.17,-0.4299999999999997,-0.0415877295800601,0.1286920703344063,83.3972778320313,25.080894470214908
1999-04-30,1999-04,17.31,15.29,,25.07,324762.6,0.1647983460017483,0.2006706954621511,,1.8099999999999987,1395.0999999999767,-2.02,0.1500000000000003,0.2007463870944774,0.1436458345753555,106.198013305664,22.8007354736327
1999-05-31,1999-05,17.72,15.23,,25.39,316530.5,0.0234095759888166,-0.0039318530339005,,0.3200000000000003,-8232.099999999977,-2.4899999999999984,-0.4699999999999988,0.1647983460017483,0.1279010853205985,85.4411315917969,-20.756881713867102
1999-06-30,1999-06,17.92,15.86,,21.09,316426.0,0.0112234623698497,0.0405330492996314,,-4.300000000000001,-104.5,-2.0600000000000023,0.4299999999999961,0.0234095759888166,0.0945771513676332,79.4105453491211,-6.03058624267581
1999-07-31,1999-07,20.1,19.08,,24.64,314454.4,0.1148024075182458,0.1848404498134388,,3.5500000000000007,-1971.5999999999767,-1.0200000000000031,1.0399999999999991,0.0112234623698497,0.0955935611135199,62.1428718566895,-17.26767349243159
1999-08-31,1999-08,21.28,20.22,,24.45,303902.25,0.0570478494084132,0.0580315475721846,,-0.1900000000000012,-10552.150000000023,-1.0600000000000025,-0.0399999999999991,0.1148024075182458,0.0774978969396859,62.858642578125,0.7157707214354971
1999-09-30,1999-09,23.8,22.54,,25.41,293030.75,0.1119179162039856,0.108619295019305,,0.9600000000000009,-10871.5,-1.2600000000000016,-0.1999999999999993,0.0570478494084132,0.0597971632583837,69.5815124511719,6.722869873046903
1999-10-31,1999-10,22.69,22.0,,22.2,285533.4,-0.0477612818856787,-0.0242490552533141,,-3.210000000000001,-7497.349999999977,-0.6900000000000013,0.5700000000000003,0.1119179162039856,0.062780765125129,72.3534851074219,2.77197265625
1999-11-30,1999-11,25.0,24.58,,24.18,287685.0,0.0969515260764501,0.1108906507795728,,1.9800000000000004,2151.5999999999767,-0.4200000000000017,0.2699999999999996,-0.0477612818856787,0.0648426506353143,57.9638671875,-14.389617919921903
1999-12-31,1999-12,26.1,25.47,,24.76,277631.4,0.0430594894604472,0.0355681848534765,,0.5800000000000018,-10053.599999999977,-0.6300000000000026,-0.2100000000000008,0.0969515260764501,0.0615298576518651,86.0849380493164,28.121070861816406
2000-01-31,2000-01,27.26,25.51,,24.95,274164.75,0.0434851119397388,0.0015692431623546,,0.1899999999999977,-3466.6500000000237,-1.75,-1.1199999999999974,0.0430594894604472,0.0560930412687218,64.4578094482422,-21.627128601074205
2000-02-29,2000-02,29.37,27.78,,23.37,269770.25,0.0745533189421423,0.0852458051724776,,-1.5799999999999983,-4394.5,-1.59,0.1600000000000001,0.0434851119397388,0.0569330085351677,63.5417213439941,-0.9160881042481037
2000-03-31,2000-03,29.84,27.49,,24.11,276070.6,0.0158760301250313,-0.0104940351490432,,0.7399999999999984,6300.349999999977,-2.3500000000000014,-0.7600000000000016,0.0745533189421423,0.0504202702409418,50.1019859313965,-13.4397354125976
2000-04-30,2000-04,25.72,22.76,,26.2,286610.5,-0.1485808759661417,-0.1888176929190241,,2.09,10539.900000000023,-2.9599999999999973,-0.6099999999999959,0.0158760301250313,0.0876500434530203,48.6827392578125,-1.4192466735839986
2000-05-31,2000-05,28.79,27.74,,23.65,292118.75,0.1127592052546657,0.1978708056285549,,-2.5500000000000007,5508.25,-1.0500000000000007,1.9099999999999968,-0.1485808759661417,0.0905820891235955,79.4828796386719,30.800140380859403
2000-06-30,2000-06,31.82,29.8,,19.54,280961.6,0.1000669182855564,0.0716329786246734,,-4.109999999999999,-11157.150000000023,-2.02,-0.9699999999999988,0.1127592052546657,0.0958759186119699,64.7178192138672,-14.765060424804702
2000-07-31,2000-07,29.7,28.68,,20.74,276020.0,-0.0689479771009868,-0.0383083777799391,,1.1999999999999993,-4941.599999999977,-1.0199999999999996,1.0,0.1000669182855564,0.1040610688351178,51.9040222167969,-12.813796997070298
2000-08-31,2000-08,31.26,30.2,,16.84,270641.75,0.0511922791846766,0.0516419086494042,,-3.899999999999999,-5378.25,-1.0600000000000025,-0.0400000000000027,-0.0689479771009868,0.1017669693738869,46.4922561645508,-5.411766052246101
2000-09-30,2000-09,33.88,33.14,,20.57,271478.2,0.0804855447905232,0.0928990876175932,,3.73,836.4500000000116,-0.740000000000002,0.3200000000000003,0.0511922791846766,0.105801310660445,52.689998626709,6.197742462158196
2000-10-31,2000-10,33.11,30.96,,23.63,269194.5,-0.022989518224699,-0.0680449632768906,,3.0599999999999987,-2283.700000000012,-2.1499999999999986,-1.4099999999999966,0.0804855447905232,0.072769918105975,76.4565277099609,23.766529083251896
2000-11-30,2000-11,34.42,32.55,,29.65,270779.25,0.0388024392242387,0.0500813199330516,,6.02,1584.75,-1.8700000000000043,0.279999999999994,-0.022989518224699,0.0641607792286466,45.0605621337891,-31.395965576171797
2000-12-31,2000-12,28.44,25.66,,26.85,274451.8,-0.1908411858483534,-0.2378440094670875,,-2.799999999999997,3672.549999999989,-2.780000000000001,-0.9099999999999966,0.0388024392242387,0.1002048690653583,45.3950996398926,0.3345375061035014
2001-01-31,2001-01,29.59,25.62,,22.02,269867.0,0.0396398614770783,-0.001560062718902,,-4.830000000000002,-4584.799999999988,-3.969999999999999,-1.1899999999999975,-0.1908411858483534,0.0991182139740103,46.8995552062988,1.5044555664062003
2001-02-28,2001-02,29.61,27.5,,28.35,266600.75,0.0006756757013817,0.0708127082039373,,6.330000000000002,-3266.25,-2.1099999999999994,1.8599999999999997,0.0396398614770783,0.0959313354810782,55.0877113342285,8.188156127929702
2001-03-31,2001-03,27.25,24.5,,28.64,275139.2,-0.0830586210042469,-0.1155128871218442,,0.2899999999999991,8538.450000000012,-2.75,-0.6400000000000006,0.0006756757013817,0.0883413324351296,61.7089538574219,6.621242523193402
2001-04-30,2001-04,27.49,25.66,,25.48,296133.0,0.0087687810679013,0.0462602416368089,,-3.16,20993.79999999999,-1.8299999999999983,0.9200000000000016,-0.0830586210042469,0.0902292409541505,50.5687370300293,-11.140216827392607
2001-05-31,2001-05,28.63,28.31,,22.64,305427.5,0.0406328169328693,0.0982817399363176,,-2.84,9294.5,-0.3200000000000003,1.509999999999998,0.0087687810679013,0.0905150917109794,60.3768615722656,9.8081245422363
2001-06-30,2001-06,27.6,27.85,,19.06,299959.2,-0.0366393463869192,-0.0163821327505151,,-3.580000000000002,-5468.299999999988,0.25,0.5700000000000003,0.0406328169328693,0.0477306197997191,72.064338684082,11.687477111816406
2001-07-31,2001-07,26.43,24.61,,21.62,296805.25,-0.0433160441069069,-0.1236801019703284,,2.5600000000000023,-3153.950000000012,-1.8200000000000005,-2.0700000000000003,-0.0366393463869192,0.044090918152152,61.072940826416,-10.991397857666001
2001-08-31,2001-08,27.37,25.68,,24.92,287810.2,0.0349477944363902,0.042559614418796,,3.3000000000000007,-8995.049999999988,-1.6900000000000013,0.129999999999999,-0.0433160441069069,0.0490619360763745,64.1077346801758,3.034793853759794
2001-09-30,2001-09,26.2,25.62,,31.93,288181.5,-0.0436881122855368,-0.0023391823531722,,7.009999999999998,371.2999999999884,-0.5799999999999983,1.110000000000003,0.0349477944363902,0.0395456706956063,498.647888183594,434.5401535034182
2001-10-31,2001-10,22.17,20.54,,33.56,289394.5,-0.167019387138831,-0.2209990919681761,,1.6300000000000026,1213.0,-1.6300000000000026,-1.0500000000000045,-0.0436881122855368,0.0750801677403621,512.529724121094,13.8818359375
2001-11-30,2001-11,19.64,18.8,,23.84,294185.4,-0.1211717207019003,-0.0885173346645085,,-9.720000000000002,4790.900000000023,-0.8399999999999999,0.7900000000000027,-0.167019387138831,0.0710673442320956,306.785888671875,-205.74383544921898
2001-12-31,2001-12,19.39,18.71,,23.8,293837.75,-0.0128108336717591,-0.0047987295499054,,-0.0399999999999991,-347.6500000000233,-0.6799999999999997,0.1600000000000001,-0.1211717207019003,0.0734485270070877,236.099746704102,-70.68614196777301
2002-01-31,2002-01,19.72,19.42,,21.09,297078.0,0.0168758799199286,0.0372453225771804,,-2.710000000000001,3240.25,-0.2999999999999971,0.3800000000000025,-0.0128108336717591,0.0798271313322567,172.477203369141,-63.622543334960994
2002-02-28,2002-02,20.72,20.28,,21.59,302201.75,0.0494660682167928,0.0433317158598036,,0.5,5123.75,-0.4399999999999977,-0.1400000000000005,0.0168758799199286,0.0830296004641998,146.18571472168,-26.291488647460994
2002-03-31,2002-03,24.53,23.7,,17.4,305014.6,0.1687974408791159,0.1558398694181031,,-4.190000000000001,2812.8499999999767,-0.8300000000000018,-0.3900000000000041,0.0494660682167928,0.1210317834365271,151.976364135742,5.790649414061988
2002-04-30,2002-04,26.18,25.73,,21.91,306228.25,0.0650989022113557,0.0821825781525671,,4.510000000000002,1213.6500000000233,-0.4499999999999993,0.3800000000000025,0.1687974408791159,0.0956054447844216,157.496551513672,5.52018737793
2002-05-31,2002-05,27.04,25.35,,19.98,303378.4,0.0323214906930093,-0.0148788962564605,,-1.93,-2849.8499999999767,-1.6899999999999975,-1.2399999999999984,0.0650989022113557,0.0626594418211366,163.322311401367,5.825759887695
2002-06-30,2002-06,25.52,24.08,,25.4,305426.5,-0.057854792698174,-0.0513971095965719,,5.419999999999998,2048.0999999999767,-1.4400000000000013,0.2499999999999964,0.0323214906930093,0.0738604733614451,149.330429077148,-13.991882324218977
2002-07-31,2002-07,26.97,25.74,,32.03,296540.75,0.0552626786750494,0.0666645817273603,,6.630000000000003,-8885.75,-1.2300000000000004,0.2100000000000008,-0.057854792698174,0.0725057375080686,122.778343200684,-26.552085876464005
2002-08-31,2002-08,28.39,26.65,,32.64,285769.8,0.0513118333332411,0.0347429484438728,,0.6099999999999994,-10770.950000000012,-1.740000000000002,-0.5100000000000016,0.0552626786750494,0.0724958248243657,127.064514160156,4.286170959471988
2002-09-30,2002-09,29.66,28.4,,39.69,269029.5,0.043762366224906,0.0635999945553069,,7.049999999999997,-16740.29999999999,-1.2600000000000016,0.4800000000000004,0.0513118333332411,0.0452133687610567,174.903335571289,47.83882141113301
2002-10-31,2002-10,28.84,27.54,,31.14,264596.25,-0.0280360242930375,-0.0307496518666514,,-8.549999999999997,-4433.25,-1.3000000000000007,-0.0399999999999991,0.043762366224906,0.0473692457141572,172.031921386719,-2.87141418457
2002-11-30,2002-11,26.35,24.34,,27.5,270612.6,-0.0902950374293767,-0.1235184057411276,,-3.640000000000001,6016.349999999977,-2.0100000000000016,-0.7100000000000009,-0.0280360242930375,0.0628920352312668,159.127593994141,-12.904327392578011
2002-12-31,2002-12,29.46,28.33,,28.62,269091.25,0.1115651360471128,0.151800226283044,,1.120000000000001,-1521.3499999999767,-1.1300000000000026,0.879999999999999,-0.0902950374293767,0.0714878566088569,175.811721801758,16.684127807617017
2003-01-31,2003-01,32.95,31.18,,31.17,258301.4,0.1119578499140319,0.0958555497872053,,2.5500000000000007,-10789.850000000006,-1.7700000000000031,-0.6400000000000006,0.1115651360471128,0.0797297699256257,206.434600830078,30.62287902832
2003-02-28,2003-02,35.83,32.77,,29.63,255979.75,0.083794270368346,0.0497365990810925,,-1.5400000000000027,-2321.649999999994,-3.059999999999995,-1.289999999999992,0.1119578499140319,0.0822539091639083,239.610931396484,33.176330566405994
2003-03-31,2003-03,33.51,30.61,,29.15,257101.75,-0.0669416295676432,-0.0681867097534021,,-0.4800000000000004,1122.0,-2.8999999999999986,0.1599999999999966,0.083794270368346,0.0926722551657977,358.711181640625,119.100250244141
2003-04-30,2003-04,28.17,25.0,,21.21,265664.0,-0.1735863198609379,-0.2024509280891204,,-7.939999999999998,8562.25,-3.1700000000000017,-0.2700000000000031,-0.0669416295676432,0.122210735142438,255.775177001953,-102.93600463867199
2003-05-31,2003-05,28.11,25.86,,19.47,270302.6,-0.0021321969698404,0.0338215484755108,,-1.740000000000002,4638.599999999977,-2.25,0.9200000000000016,-0.1735863198609379,0.1148250852241452,162.121871948242,-93.65330505371102
2003-06-30,2003-06,30.66,27.65,,19.52,268626.5,0.0868334885252273,0.0669283546246322,,0.0500000000000007,-1676.0999999999767,-3.0100000000000016,-0.7600000000000016,-0.0021321969698404,0.1108587924805722,145.769729614258,-16.352142333983977
2003-07-31,2003-07,30.76,28.35,,19.49,262200.5,0.0032562711937753,0.0250013022054176,,-0.0300000000000011,-6426.0,-2.41,0.6000000000000014,0.0868334885252273,0.0983887363725404,134.898910522461,-10.870819091797017
2003-08-31,2003-08,31.57,29.89,,18.63,263553.0,0.0259921579324569,0.0528969461220851,,-0.8599999999999994,1352.5,-1.6799999999999995,0.7300000000000004,0.0032562711937753,0.0896368757257502,138.230926513672,3.3320159912109943
2003-09-30,2003-09,28.31,27.11,,22.72,262879.0,-0.1089922034460921,-0.0976213127852725,,4.09,-674.0,-1.1999999999999993,0.4800000000000004,0.0259921579324569,0.095397094901823,118.196281433105,-20.03464508056699
2003-10-31,2003-10,30.34,29.61,,16.1,272649.4,0.0692518747965782,0.0882094786029261,,-6.619999999999997,9770.400000000023,-0.7300000000000004,0.4699999999999988,-0.1089922034460921,0.0692648253685784,108.3173828125,-9.878898620605
2003-11-30,2003-11,31.11,28.75,,16.32,272505.75,0.0250623369891593,-0.0294743748701407,,0.2199999999999988,-143.65000000002328,-2.3599999999999994,-1.629999999999999,0.0692518747965782,0.0690155068295513,118.086692810059,9.769309997559006
2003-12-31,2003-12,32.13,29.81,,18.31,257757.25,0.0322608622182216,0.0362061404466205,,1.9899999999999984,-14748.5,-2.320000000000004,0.0399999999999955,0.0250623369891593,0.0610977473873128,129.465072631836,11.378379821776988
2004-01-31,2004-01,34.31,31.28,,16.63,250329.0,0.065646683742591,0.0481350079871303,,-1.6799999999999995,-7428.25,-3.030000000000001,-0.7099999999999973,0.0322608622182216,0.065331241374757,113.467590332031,-15.997482299805
2004-02-29,2004-02,34.69,30.86,,14.55,256367.0,0.0110146041112999,-0.0135180687420954,,-2.0799999999999983,6038.0,-3.8299999999999983,-0.7999999999999972,0.065646683742591,0.0652602302053886,115.075973510742,1.6083831787110086
2004-03-31,2004-03,36.74,33.63,,16.74,269104.5,0.0574146188053212,0.0859576788171634,,2.1899999999999977,12737.5,-3.1099999999999994,0.7199999999999989,0.0110146041112999,0.0239532776539613,138.532073974609,23.456100463867003
2004-04-30,2004-04,36.75,33.59,,17.19,280051.8,0.0002721458718659,-0.0011901221279768,,0.4500000000000028,10947.299999999988,-3.1599999999999966,-0.0499999999999971,0.0574146188053212,0.0255860389613333,149.631393432617,11.099319458007983
2004-05-31,2004-05,40.28,37.57,,15.5,283561.25,0.0917168421915159,0.1119774559616764,,-1.6900000000000013,3509.450000000012,-2.710000000000001,0.4499999999999957,0.0002721458718659,0.0348081332321531,121.091186523438,-28.54020690917899
2004-06-30,2004-06,38.03,35.18,,14.34,287819.5,-0.0574797459101934,-0.0657281202764656,,-1.16,4258.25,-2.8500000000000014,-0.1400000000000005,0.0917168421915159,0.0542335616339765,137.233917236328,16.142730712890014
2004-07-31,2004-07,40.78,38.22,,15.32,285176.4,0.069816443206141,0.0828811995027147,,0.9800000000000004,-2643.0999999999767,-2.5600000000000023,0.2899999999999991,-0.0574797459101934,0.054834345145233,131.01985168457,-6.2140655517580115
2004-08-31,2004-08,44.9,42.74,,15.29,275610.75,0.0962460296018994,0.1117763110788749,,-0.0300000000000011,-9565.650000000023,-2.1599999999999966,0.4000000000000057,0.069816443206141,0.0600952944388407,140.365829467773,9.345977783203011
2004-09-30,2004-09,45.94,43.2,,13.34,260789.25,0.0228984025127436,0.010705245359063,,-1.9499999999999995,-14821.5,-2.739999999999995,-0.5799999999999983,0.0962460296018994,0.060091257746768,153.871612548828,13.505783081055
2004-10-31,2004-10,53.28,49.78,,16.27,264825.2,0.1482248289711814,0.1417728016893811,,2.93,4035.950000000012,-3.5,-0.7600000000000051,0.0228984025127436,0.0712123419796372,119.86279296875,-34.00881958007801
2004-11-30,2004-11,48.47,43.11,,13.24,276098.0,-0.094615976374849,-0.1438583081804028,,-3.03,11272.799999999988,-5.359999999999999,-1.8599999999999997,0.1482248289711814,0.0929289599489525,122.707389831543,2.844596862792997
2004-12-31,2004-12,43.15,39.6,,13.29,277708.2,-0.1162626323278477,-0.0849258704986084,,0.0499999999999989,1610.2000000000116,-3.549999999999997,1.8100000000000025,-0.094615976374849,0.1062476725822495,109.895225524902,-12.812164306640994
2005-01-31,2005-01,46.84,44.51,,12.82,277244.25,0.0820551212000797,0.1168847647673283,,-0.4699999999999988,-463.9500000000117,-2.3300000000000054,1.2199999999999918,-0.1162626323278477,0.1074814452098585,100.887588500977,-9.007637023925
2005-02-28,2005-02,48.15,45.48,,12.08,280665.25,0.0275835995146178,0.0215587858545722,,-0.7400000000000002,3421.0,-2.6700000000000017,-0.3399999999999963,0.0820551212000797,0.101630773243133,108.977966308594,8.090377807617003
2005-03-31,2005-03,54.19,53.1,,14.02,291615.0,0.1181752513338882,0.154904259365558,,1.9399999999999995,10949.75,-1.0899999999999963,1.5800000000000054,0.0275835995146178,0.1107725197289507,90.4104843139648,-18.567481994629205
2005-04-30,2005-04,52.98,51.88,,15.31,305712.4,-0.022581905734099,-0.0232435687996503,,1.290000000000001,14097.400000000023,-1.0999999999999943,-0.009999999999998,0.1181752513338882,0.094268869862852,87.0324020385742,-3.3780822753905966
2005-05-31,2005-05,49.83,48.65,,13.29,316347.75,-0.0612972715506106,-0.0642815508162288,,-2.0200000000000014,10635.349999999977,-1.1799999999999995,-0.0800000000000054,-0.022581905734099,0.0884488109414584,98.2059631347656,11.173561096191392
2005-06-30,2005-06,56.35,54.35,,12.04,312860.25,0.1229650281924721,0.1107928049352042,,-1.25,-3487.5,-2.0,-0.8200000000000003,-0.0612972715506106,0.0761241067126444,81.1240539550781,-17.0819091796875
2005-07-31,2005-07,59.0,57.52,,11.57,304366.0,0.0459552034199344,0.0566880998455729,,-0.4699999999999988,-8494.25,-1.4799999999999969,0.5200000000000031,0.1229650281924721,0.0739563688458663,165.901916503906,84.7778625488279
2005-08-31,2005-08,64.99,63.98,,12.6,305516.75,0.0966959680005379,0.1064378211085808,,1.0299999999999994,1150.75,-1.009999999999998,0.4699999999999988,0.0459552034199344,0.0772319214475474,116.227661132813,-49.674255371093
2005-09-30,2005-09,65.59,62.91,,11.92,292482.8,0.0091898333993869,-0.0168654009394337,,-0.6799999999999997,-13033.950000000012,-2.680000000000007,-1.6700000000000088,0.0966959680005379,0.0705104664642154,103.807662963867,-12.419998168945995
2005-10-31,2005-10,62.26,58.54,,15.32,297380.75,-0.0521040802921826,-0.0719948523181983,,3.4000000000000004,4897.950000000012,-3.719999999999999,-1.039999999999992,0.0091898333993869,0.0758908703037232,87.0618286132813,-16.745834350585696
2005-11-30,2005-11,58.32,55.24,,12.06,304946.75,-0.0653740773130593,-0.0580229527226485,,-3.26,7566.0,-3.0799999999999983,0.6400000000000006,-0.0521040802921826,0.0768506394458183,83.480094909668,-3.5817337036133097
2005-12-31,2005-12,59.41,56.86,,12.07,305568.2,0.0185174746672469,0.0289047776817623,,0.0099999999999997,621.4500000000116,-2.549999999999997,0.5300000000000011,-0.0653740773130593,0.0606826025844789,95.3502502441406,11.8701553344726
2006-01-31,2006-01,65.49,62.99,100.0,12.95,303965.0,0.0974348968623122,0.1023838774109835,,0.879999999999999,-1603.2000000000116,-2.499999999999993,0.0500000000000042,0.0185174746672469,0.0699206058726226,94.5100173950195,-0.8402328491210938
2006-02-28,2006-02,61.63,60.21,100.2112,12.34,309132.75,-0.0607486942558104,-0.0451375321574811,0.0021097728632568,-0.6099999999999994,5167.75,-1.4200000000000017,1.0799999999999912,0.0974348968623122,0.0634511698299719,95.8581924438477,1.348175048828196
2006-03-31,2006-03,62.69,62.06,100.4281,11.39,323092.8,0.0170531803117253,0.0302632075438777,0.0021620897251333,-0.9499999999999992,13960.049999999988,-0.6299999999999955,0.7900000000000063,-0.0607486942558104,0.0639772589475357,92.7976226806641,-3.0605697631835938
2006-04-30,2006-04,69.44,70.26,99.7435,11.59,329308.25,0.1022611250662182,0.1241009878174468,-0.0068401578369714,0.1999999999999993,6215.450000000012,0.8200000000000074,1.4500000000000028,0.0170531803117253,0.072888105768682,89.0158004760742,-3.7818222045899006
2006-05-31,2006-05,70.84,69.78,97.5118,16.44,329467.0,0.0199607425625378,-0.0068552110790527,-0.0226284944176953,4.850000000000001,158.75,-1.0600000000000025,-1.8800000000000097,0.1022611250662182,0.0606131624711712,85.2087783813477,-3.8070220947265057
2006-06-30,2006-06,70.95,68.56,98.6927,13.08,328665.2,0.0015515906914185,-0.0176381614691036,0.0120375858828403,-3.360000000000001,-801.7999999999884,-2.390000000000001,-1.3299999999999983,0.0199607425625378,0.0617756405856034,102.572769165039,17.363990783691307
2006-07-31,2006-07,74.41,73.67,98.4387,14.95,318843.75,0.047614937803118,0.0718863864051977,-0.0025769627828164,1.8699999999999992,-9821.450000000012,-0.7399999999999949,1.6500000000000057,0.0015515906914185,0.0536451205580709,137.134826660156,34.56205749511699
2006-08-31,2006-08,73.04,73.23,97.7138,12.31,315473.5,-0.018583105122456,-0.0059904876217435,-0.0073912216271896,-2.639999999999999,-3370.25,0.1899999999999977,0.9299999999999926,0.047614937803118,0.0423151305982975,147.081115722656,9.9462890625
2006-09-30,2006-09,63.8,61.96,97.9814,11.98,311102.4,-0.1352540459359694,-0.1671161575243109,0.0027348669440305,-0.33,-4371.099999999977,-1.8399999999999963,-2.029999999999994,-0.018583105122456,0.0796404500028458,111.724258422852,-35.35685729980399
2006-10-31,2006-10,58.89,57.81,98.3156,11.1,316772.0,-0.0800818933942641,-0.0693272444542829,0.0034050476869493,-0.8800000000000008,5669.599999999977,-1.0799999999999983,0.759999999999998,-0.1352540459359694,0.0681088314447151,113.135299682617,1.4110412597649997
2006-11-30,2006-11,59.08,58.76,97.5133,10.91,321826.75,0.0032211607066994,0.0162995802112915,-0.0081939334684504,-0.1899999999999995,5054.75,-0.3200000000000003,0.759999999999998,-0.0800818933942641,0.0660905316108854,88.778923034668,-24.356376647949006
2006-12-31,2006-12,61.96,62.47,96.7951,11.56,312525.6,0.0475965578854884,0.0612250901998026,-0.0073924057905854,0.6500000000000004,-9301.150000000023,0.509999999999998,0.8299999999999983,0.0032211607066994,0.0728500679437145,90.606559753418,1.82763671875
2007-01-31,2007-01,54.51,53.68,97.8338,10.42,303611.5,-0.1281048444724781,-0.1516459488420523,0.0106737474391067,-1.1400000000000006,-8914.099999999977,-0.8299999999999983,-1.3399999999999963,0.0475965578854884,0.0742929485504443,97.9200439453125,7.313484191894503
2007-02-28,2007-02,59.28,57.56,97.4764,15.42,308953.5,0.0838878099116424,0.0697873893557403,-0.0036598231830895,5.0,5342.0,-1.7199999999999989,-0.8900000000000006,-0.1281048444724781,0.0929180888225174,96.1693572998047,-1.7506866455077983
2007-03-31,2007-03,60.44,62.05,97.0118,14.64,310643.4,0.0193791564167069,0.075112629631449,-0.00477767683339,-0.7799999999999994,1689.9000000000233,1.6099999999999994,3.3299999999999983,0.0838878099116424,0.0800308024352323,87.3365020751953,-8.832855224609403
2007-04-30,2007-04,63.98,67.49,95.6322,14.22,316802.75,0.0569193971168333,0.0840389271046992,-0.0143230371593334,-0.4199999999999999,6159.349999999977,3.509999999999998,1.8999999999999984,0.0193791564167069,0.0750916944826278,76.6133804321289,-10.723121643066392
2007-05-31,2007-05,63.46,67.21,94.7225,13.05,325231.25,-0.0081607483663228,-0.0041573927734406,-0.0095580190614148,-1.17,8428.5,3.749999999999993,0.2399999999999948,0.0569193971168333,0.0755552257949985,92.5995864868164,15.9862060546875
2007-06-30,2007-06,67.49,71.05,94.4449,16.23,330688.8,0.0615696526002658,0.0555618085612348,-0.0029349687025508,3.18,5457.549999999988,3.5600000000000023,-0.1899999999999906,-0.0081607483663228,0.0770749027364903,97.9723129272461,5.3727264404296875
2007-07-31,2007-07,74.12,76.93,93.2059,23.52,332823.5,0.0937059626618443,0.0795120629277343,-0.0132055712570053,7.289999999999999,2134.700000000012,2.8100000000000023,-0.75,0.0615696526002658,0.0388632314716416,112.346252441406,14.3739395141599
2007-08-31,2007-08,72.36,70.76,93.7603,23.38,318137.6,-0.0240317408900647,-0.0836020481792587,0.0059305010733705,-0.1400000000000005,-14685.900000000023,-1.5999999999999943,-4.409999999999997,0.0937059626618443,0.0451787835000533,83.1732025146484,-29.1730499267576
2007-09-30,2007-09,79.92,77.17,92.4366,18.0,303878.0,0.0993724738132035,0.0867169111779269,-0.0142185213669829,-5.379999999999999,-14259.599999999977,-2.75,-1.1500000000000057,-0.0240317408900647,0.0516179428330169,94.4888687133789,11.315666198730511
2007-10-31,2007-10,85.8,82.34,90.4002,18.53,300595.5,0.0709928721536181,0.0648462358722472,-0.0222765243302394,0.5300000000000011,-3282.5,-3.4599999999999937,-0.7099999999999937,0.0993724738132035,0.0524950044131407,101.473014831543,6.984146118164091
2007-11-30,2007-11,94.77,92.41,89.053,22.87,294362.2,0.0994338969881871,0.1153781815581895,-0.0150147816780545,4.34,-6233.299999999988,-2.3599999999999994,1.0999999999999943,0.0709928721536181,0.047212710412855,89.7954483032227,-11.677566528320298
2007-12-31,2007-12,91.69,90.93,90.005,22.5,278453.0,-0.0330395814202946,-0.0161452181621273,0.010633526235658,-0.370000000000001,-15909.200000000012,-0.7599999999999909,1.6000000000000083,0.0994338969881871,0.0626125143954497,94.9674911499023,5.172042846679602
2008-01-31,2008-01,92.97,92.18,89.3971,26.2,270592.5,0.0138635384059577,0.0136532075545412,-0.0067769811680857,3.6999999999999993,-7860.5,-0.789999999999992,-0.0300000000000011,-0.0330395814202946,0.0601764588089977,81.4998245239258,-13.467666625976506
2008-02-29,2008-02,95.39,94.99,88.6434,26.54,286396.4,0.0256968906893497,0.0300284356097284,-0.0084666635105126,0.3399999999999998,15803.900000000023,-0.4000000000000057,0.3899999999999863,0.0138635384059577,0.0529540418344022,80.75146484375,-0.7483596801757955
2008-03-31,2008-03,105.45,103.64,86.8399,25.61,296158.0,0.1002631557676672,0.0871517327918178,-0.0205553861977092,-0.9299999999999996,9761.599999999977,-1.8100000000000025,-1.4099999999999966,0.0256968906893497,0.0531343478248922,77.6361389160156,-3.1153259277344034
2008-04-30,2008-04,112.58,109.07,86.5475,20.79,298921.5,0.0654271731110966,0.0510665222467423,-0.0033727972988728,-4.82,2763.5,-3.510000000000005,-1.7000000000000028,0.1002631557676672,0.0526614648893298,71.9048080444336,-5.731330871582003
2008-05-31,2008-05,125.4,122.8,86.8245,17.83,300519.0,0.1078445481629399,0.1185671377723904,0.0031954437360202,-2.960000000000001,1597.5,-2.6000000000000085,0.9099999999999966,0.0654271731110966,0.0544722601425058,72.5737991333008,0.6689910888672017
2008-06-30,2008-06,133.88,132.32,87.0728,23.95,283653.5,0.065435248144305,0.0746662155623392,0.0028557104537245,6.120000000000001,-16865.5,-1.5600000000000025,1.0400000000000065,0.1078445481629399,0.0379928013921675,87.5484237670898,14.974624633789006
2008-07-31,2008-07,133.37,132.72,86.4538,22.94,277966.75,-0.0038166557088219,0.0030184146068084,-0.0071343831500154,-1.009999999999998,-5686.75,-0.6500000000000057,0.9099999999999966,0.065435248144305,0.0429380180426543,89.7395706176758,2.1911468505859943
2008-08-31,2008-08,116.67,113.24,88.945,20.65,284293.8,-0.1337777837985374,-0.1587321856384909,0.0284080339700167,-2.2900000000000027,6327.049999999988,-3.430000000000007,-2.780000000000001,-0.0038166557088219,0.0909923090036367,88.5541076660156,-1.1854629516601989
2008-09-30,2008-09,104.11,97.23,91.2651,39.39,276045.5,-0.1139014043491046,-0.1524301544221327,0.0257502570472079,18.74,-8248.299999999988,-6.879999999999996,-3.4499999999999886,-0.1337777837985374,0.101044808122732,88.5425567626953,-0.01155090332029829
2008-10-31,2008-10,76.61,71.58,98.04,59.89,291710.0,-0.3067204159579315,-0.3062636004836863,0.0716071004354708,20.5,15664.5,-5.030000000000001,1.8499999999999943,-0.1139014043491046,0.1524324181764252,64.159797668457,-24.382759094238295
2008-11-30,2008-11,57.31,52.45,100.7667,55.84,299119.25,-0.290252487965084,-0.3109553704955732,0.0274323852545572,-4.049999999999997,7409.25,-4.859999999999999,0.1700000000000017,-0.3067204159579315,0.1491978824613558,79.0809707641602,14.921173095703196
2008-12-31,2008-12,41.12,39.95,99.6622,40.0,302149.5,-0.3319805074167363,-0.2722316626300225,-0.0110214762496738,-15.840000000000003,3030.25,-1.1699999999999946,3.690000000000005,-0.290252487965084,0.1320425404956027,92.3664321899414,13.285461425781207
2009-01-31,2009-01,41.71,43.44,100.3521,44.84,315732.4,0.0142462870619444,0.0837520034133962,0.006898534114943,4.840000000000003,13582.900000000023,1.7299999999999969,2.8999999999999915,-0.3319805074167363,0.1374173471340454,85.3694763183594,-6.996955871582003
2009-02-28,2009-02,39.09,43.32,102.9737,46.35,332552.75,-0.0648742284039904,-0.00276625349289,0.025788614039313,1.509999999999998,16820.349999999977,4.229999999999997,2.5,0.0142462870619444,0.1460383783609275,67.4526748657227,-17.916801452636705
2009-03-31,2009-03,47.94,46.54,103.4397,44.14,336642.5,0.2040835492013748,0.0716977357413557,0.0045152184083265,-2.210000000000001,4089.75,-1.3999999999999986,-5.629999999999996,-0.0648742284039904,0.216501218333848,72.6446228027344,5.1919479370117045
2009-04-30,2009-04,49.65,50.18,100.7162,36.5,349523.0,0.0350481614849433,0.0753043830641306,-0.0266821735588571,-7.640000000000001,12880.5,0.5300000000000011,1.93,0.2040835492013748,0.2051312497104764,85.6884994506836,13.04387664794919
2009-05-31,2009-05,59.03,57.3,97.5519,28.92,350304.8,0.1730473987614162,0.1326840827824176,-0.0319221165978946,-7.579999999999998,781.7999999999884,-1.730000000000004,-2.260000000000005,0.0350481614849433,0.1935462802938901,89.6808624267578,3.9923629760742045
2009-06-30,2009-06,69.64,68.61,96.0426,26.35,337431.5,0.16529332564739,0.1801376729821058,-0.0155927010307044,-2.5700000000000003,-12873.299999999988,-1.0300000000000011,0.7000000000000028,0.1730473987614162,0.1079782600089909,81.1095886230469,-8.571273803710895
2009-07-31,2009-07,64.15,64.44,95.6605,25.92,328149.8,-0.0821150238383428,-0.0627037383940258,-0.0039863779563544,-0.4299999999999997,-9281.700000000012,0.289999999999992,1.3199999999999932,0.16529332564739,0.1266580714082166,83.4396209716797,2.3300323486327983
2009-08-31,2009-08,71.05,72.51,94.373,26.01,327665.25,0.1021597634814641,0.1179899250747276,-0.0135504497919134,0.0899999999999998,-484.5499999999884,1.460000000000008,1.170000000000016,-0.0821150238383428,0.1075367718160962,73.3718795776367,-10.067741394042997
2009-09-30,2009-09,69.41,67.65,93.6638,25.61,318124.75,-0.0233529051916168,-0.0693771287667042,-0.0075432400765667,-0.4000000000000021,-9540.5,-1.759999999999991,-3.219999999999999,0.1021597634814641,0.1033381717263406,92.8399887084961,19.46810913085939
2009-10-31,2009-10,75.72,72.77,92.2598,30.69,319911.4,0.0870113769896292,0.0729564277421976,-0.015103264874452,5.080000000000002,1786.6500000000233,-2.950000000000003,-1.190000000000012,-0.0233529051916168,0.1028360547131167,90.5764007568359,-2.263587951660199
2009-11-30,2009-11,77.99,76.66,91.7996,24.51,319976.0,0.0295382870012845,0.0520762775934136,-0.0050005700221582,-6.18,64.59999999997672,-1.3299999999999983,1.6200000000000043,0.0870113769896292,0.0900665881650918,82.1017608642578,-8.474639892578097
2009-12-31,2009-12,74.47,74.46,92.2586,21.68,312465.25,-0.0461842536198524,-0.0291179915078378,0.0049875631892346,-2.830000000000002,-7510.75,-0.0100000000000051,1.3199999999999932,0.0295382870012845,0.0742319100144152,92.9469146728516,10.845153808593807
2010-01-31,2010-01,78.33,76.17,92.4403,24.62,308210.8,0.0505343116565937,0.0227056159401257,0.0019675272415362,2.9400000000000013,-4254.450000000012,-2.1599999999999966,-2.1499999999999915,-0.0461842536198524,0.0591016883234691,91.5810241699219,-1.3658905029297017
2010-02-28,2010-02,76.39,73.75,93.8867,19.5,315416.25,-0.0250788738258789,-0.032286689164767,0.0155257053904724,-5.120000000000001,7205.450000000012,-2.640000000000001,-0.480000000000004,0.0505343116565937,0.051825154177367,80.7253570556641,-10.855667114257798
2010-03-31,2010-03,81.2,78.83,93.1499,17.59,327313.75,0.0610634496143633,0.0666126398518871,-0.0078787126300046,-1.91,11897.5,-2.3700000000000045,0.269999999999996,-0.0250788738258789,0.0517412273451902,74.116943359375,-6.608413696289105
2010-04-30,2010-04,84.29,84.82,92.6391,22.05,336243.0,0.0373479868417589,0.0732377289746279,-0.0054987247581284,4.460000000000001,8929.25,0.5299999999999869,2.8999999999999915,0.0610634496143633,0.0433491070452669,88.7615814208984,14.644638061523395
2010-05-31,2010-05,73.74,75.95,95.5306,32.07,342737.0,-0.133717841203393,-0.1104561350046626,0.0307353162601087,10.02,6494.0,2.210000000000008,1.680000000000021,0.0373479868417589,0.0745605868834327,88.9587097167969,0.19712829589850855
2010-06-30,2010-06,75.34,74.76,96.0606,34.54,342680.25,0.0214658094578972,-0.0157922464544197,0.0055326273016653,2.469999999999999,-56.75,-0.5799999999999983,-2.7900000000000063,-0.133717841203393,0.0729726544729647,96.4536972045898,7.494987487792898
2010-07-31,2010-07,76.32,75.58,94.4547,23.5,336098.0,0.012923824876136,0.010908715333981,-0.0168588878252,-11.04,-6582.25,-0.7399999999999949,-0.1599999999999966,0.0214658094578972,0.0694956189606496,79.3813781738281,-17.072319030761705
2010-08-31,2010-08,76.6,77.04,93.6822,26.05,336686.75,0.0036620496065138,0.019133069568527,-0.0082121512729118,2.5500000000000007,588.75,0.4400000000000119,1.1800000000000068,0.012923824876136,0.068766327218329,80.9938659667969,1.6124877929688068
2010-09-30,2010-09,75.24,77.84,92.7626,23.7,337836.5,-0.0179140723137152,0.0103306703878791,-0.0098646618977484,-2.3500000000000014,1149.75,2.6000000000000085,2.1599999999999966,0.0036620496065138,0.0620788286902899,71.1685485839844,-9.8253173828125
2010-10-31,2010-10,81.89,82.67,90.2291,21.2,342646.2,0.0846938788492668,0.0602013413868345,-0.0276915498704237,-2.5,4809.700000000012,0.7800000000000011,-1.8200000000000076,-0.0179140723137152,0.0719396619121888,65.9919357299805,-5.176612854003906
2010-11-30,2010-11,84.25,85.28,90.5095,23.54,339165.5,0.028411685950374,0.0310831811529501,0.0031028261252794,2.34,-3480.700000000012,1.0300000000000011,0.25,0.0846938788492668,0.034593208837384,94.7051696777344,28.713233947753906
2010-12-31,2010-12,89.15,91.45,91.1835,17.75,322105.6,0.0565317750766789,0.0698524144193406,0.0074191420871096,-5.789999999999999,-17059.900000000023,2.299999999999997,1.269999999999996,0.028411685950374,0.0372991704125964,97.2038955688477,2.4987258911132955
2011-01-31,2011-01,89.17,96.52,90.1112,19.53,316555.25,0.000224315837638,0.0539578659199566,-0.0118294964442613,1.7800000000000011,-5550.349999999977,7.349999999999994,5.049999999999997,0.0565317750766789,0.0386646277729164,79.4216156005859,-17.782279968261804
2011-02-28,2011-02,88.58,103.72,89.3967,18.35,324369.0,-0.0066385616517354,0.071944719913632,-0.0079606944687071,-1.1799999999999995,7813.75,15.14,7.790000000000006,0.000224315837638,0.0400550490651863,90.0144882202148,10.592872619628906
2011-03-31,2011-03,102.86,114.64,88.4872,17.74,330209.5,0.1494627418517176,0.100101822849453,-0.0102258599613032,-0.610000000000003,5840.5,11.78,-3.3599999999999994,-0.0066385616517354,0.0587604378752054,136.888305664063,46.87381744384821
2011-04-30,2011-04,109.53,123.26,86.9214,14.75,338591.0,0.0628296439888851,0.0724991620141803,-0.0178536467618375,-2.9899999999999984,8381.5,13.730000000000004,1.9500000000000028,0.1494627418517176,0.0569871232285081,91.0177688598633,-45.870536804199716
2011-05-31,2011-05,100.9,114.99,86.9464,15.45,349066.25,-0.0820685569760915,-0.0694507774735235,0.0002875748145694,0.6999999999999993,10475.25,14.08999999999999,0.3599999999999852,0.0628296439888851,0.0785383790422741,105.344917297363,14.327148437499702
2011-06-30,2011-06,96.26,113.83,86.9412,16.52,342393.25,-0.0470770634846005,-0.0101390607234481,-5.980875003785968e-05,1.0700000000000005,-6673.0,17.569999999999993,3.480000000000004,-0.0820685569760915,0.0828263012269093,84.391845703125,-20.953071594237997
2011-07-31,2011-07,97.3,116.97,86.3178,25.25,332905.0,0.010746125316996,0.0272113843254908,-0.0071961940244289,8.73,-9488.25,19.67,2.1000000000000085,-0.0470770634846005,0.08261820223577,78.9247589111328,-5.467086791992202
2011-08-31,2011-08,86.33,110.22,86.8983,31.62,331194.5,-0.1196218269445275,-0.0594391232075262,0.006702635300769,6.370000000000001,-1710.5,23.89,4.219999999999999,0.010746125316996,0.0995516994466128,86.9515686035156,8.026809692382798
2011-09-30,2011-09,85.52,112.83,89.7253,42.96,321211.4,-0.009426895530642,0.0234038926952653,0.0320143112135875,11.34,-9983.099999999977,27.31,3.4200000000000017,-0.1196218269445275,0.0659274139382606,83.3504486083984,-3.6011199951172017
2011-10-31,2011-10,86.32,109.55,90.6098,29.96,314852.25,0.0093110542330894,-0.0295011951088799,0.0098095943918252,-13.0,-6359.150000000023,23.230000000000004,-4.079999999999998,-0.009426895530642,0.0531043676183408,76.3399353027344,-7.0105133056639914
2011-11-30,2011-11,97.16,110.77,91.2649,27.8,312900.5,0.1182977831840927,0.0110749134873664,0.0072038918342114,-2.16,-1951.75,13.61,-9.620000000000005,0.0093110542330894,0.0781962475816235,83.1576766967773,6.817741394042898
2011-12-31,2011-12,98.56,107.87,92.2056,23.4,307738.8,0.0143063956512383,-0.0265291811415036,0.0102545994413612,-4.400000000000002,-5161.700000000012,9.310000000000002,-4.299999999999997,0.1182977831840927,0.0757714130106876,85.3413238525391,2.183647155761804
2012-01-31,2012-01,100.27,110.69,91.6463,19.44,309300.25,0.0172010477506239,0.0258067030101942,-0.0060842637509717,-3.959999999999997,1561.4500000000116,10.420000000000002,1.1099999999999994,0.0143063956512383,0.0759331044198988,79.6349716186523,-5.706352233886804
2012-02-29,2012-02,102.2,119.33,89.9605,18.43,315370.25,0.0190651302337698,0.075159262984032,-0.0185659173927845,-1.0100000000000016,6070.0,17.129999999999995,6.709999999999994,0.0172010477506239,0.0453599118960937,92.4458236694336,12.810852050781293
2012-03-31,2012-03,106.16,125.45,90.5112,15.5,325457.4,0.0380157122543485,0.0500145084308671,0.0061029148532458,-2.93,10087.150000000023,19.290000000000006,2.160000000000011,0.0190651302337698,0.041473086338263,88.7599792480469,-3.6858444213866903
2012-04-30,2012-04,103.32,119.75,90.8156,17.15,344968.0,-0.0271164217963129,-0.0465010365214064,0.0033574770629547,1.6499999999999986,19510.599999999977,16.430000000000007,-2.8599999999999994,0.0380157122543485,0.0482756682526428,96.0166854858398,7.256706237792898
2012-05-31,2012-05,94.66,110.34,92.4928,24.06,357930.75,-0.087539443749538,-0.0818397284467407,0.0182997266333613,6.91,12962.75,15.680000000000009,-0.75,-0.0271164217963129,0.0460313458289312,78.1711578369141,-17.845527648925696
2012-06-30,2012-06,82.3,95.16,93.8809,17.08,359457.6,-0.1399204167950776,-0.1480068224095276,0.014896153992284,-6.98,1526.8499999999767,12.86,-2.8200000000000074,-0.087539443749538,0.0702325412060461,77.8224334716797,-0.3487243652344034
2012-07-31,2012-07,87.9,102.62,93.4062,18.93,351334.25,0.0658286970081079,0.0754731600790625,-0.0050692334553215,1.8500000000000012,-8123.349999999977,14.72,1.8599999999999997,-0.1399204167950776,0.079030264206469,82.8080215454102,4.985588073730497
2012-08-31,2012-08,94.13,113.36,92.5283,17.47,337643.6,0.0684770008679969,0.0995357498686058,-0.0094431805155741,-1.4600000000000009,-13690.650000000023,19.230000000000004,4.510000000000005,0.0658286970081079,0.0863900977596334,74.8783569335938,-7.929664611816392
2012-09-30,2012-09,94.51,112.86,90.9802,15.73,337531.0,0.0040288434478359,-0.0044204828414313,-0.0168726432476296,-1.7399999999999984,-112.59999999997672,18.349999999999994,-0.8800000000000097,0.0684770008679969,0.0833821352935192,69.2805099487305,-5.59784698486331
2012-10-31,2012-10,89.49,111.71,90.7566,18.6,344173.75,-0.0545787618121975,-0.010241884958237,-0.0024607026515912,2.870000000000001,6642.75,22.22,3.870000000000005,0.0040288434478359,0.0846364656421534,81.6636657714844,12.383155822753906
2012-11-30,2012-11,86.53,109.06,91.4751,15.87,347231.4,-0.0336357125761193,-0.0240080380848413,0.0078856063263472,-2.730000000000002,3057.6500000000237,22.53,0.3100000000000023,-0.0545787618121975,0.079224562953172,81.3896408081055,-0.27402496337890625
2012-12-31,2012-12,87.86,109.49,90.8804,18.02,341113.0,0.0152534639289854,0.0039350313874182,-0.0065224477279288,2.1500000000000004,-6118.400000000023,21.629999999999995,-0.9000000000000057,-0.0336357125761193,0.0503375328176882,74.8315582275391,-6.558082580566392
2013-01-31,2013-01,94.76,112.96,90.8255,14.28,335311.0,0.0756027407429513,0.0312005528595982,-0.0006042731872826,-3.74,-5802.0,18.19999999999999,-3.430000000000007,0.0152534639289854,0.0525790513490702,90.6574935913086,15.825935363769489
2013-02-28,2013-02,95.31,116.05,91.5509,15.51,346048.0,0.0057873576589502,0.0269873589755142,0.0079550185814856,1.2300000000000004,10737.0,20.739999999999995,2.5400000000000063,0.0756027407429513,0.0449054637735316,81.59033203125,-9.067161560058594
2013-03-31,2013-03,92.94,108.47,92.4132,12.7,355997.6,-0.0251806132927026,-0.0675474956683199,0.0093747238215771,-2.8100000000000005,9949.599999999977,15.53,-5.209999999999994,0.0057873576589502,0.0462156528289091,75.8967208862305,-5.693611145019503
2013-04-30,2013-04,92.02,102.25,92.0478,13.52,361220.75,-0.0099481789295099,-0.0590528421292146,-0.0039618182482286,0.8200000000000003,5223.150000000023,10.230000000000004,-5.299999999999997,-0.0251806132927026,0.0392855863657762,95.1078720092773,19.211151123046804
2013-05-31,2013-05,94.51,102.56,92.529,16.3,366023.6,0.0266997042796424,0.0030271982494483,0.0052141015576436,2.780000000000001,4802.849999999977,8.049999999999997,-2.180000000000007,-0.0099481789295099,0.0350167795630821,83.7173156738281,-11.390556335449205
2013-06-30,2013-06,95.77,102.92,93.2836,16.86,362836.0,0.0132438345265635,0.0035039942411838,0.0081222064426613,0.5599999999999987,-3187.5999999999767,7.150000000000006,-0.8999999999999915,0.0266997042796424,0.0350200655189061,82.9730072021484,-0.7443084716797017
2013-07-31,2013-07,104.67,107.93,93.8724,13.45,338944.75,0.0888630603332645,0.0475308814237118,0.0062920979564902,-3.41,-23891.25,3.260000000000005,-3.890000000000001,0.0132438345265635,0.0397556371294307,73.9758148193359,-8.9971923828125
2013-08-31,2013-08,106.57,111.28,93.7149,17.01,332419.8,0.0179895023660723,0.0305666787779319,-0.0016792185506115,3.5600000000000023,-6524.950000000012,4.710000000000008,1.4500000000000028,0.0888630603332645,0.0394038169169943,90.9567489624023,16.980934143066406
2013-09-30,2013-09,106.29,111.6,93.4706,16.6,330400.5,-0.0026308386873745,0.0028715023320229,-0.0026102463995254,-0.4100000000000001,-2019.2999999999884,5.309999999999988,0.5999999999999801,0.0179895023660723,0.0352478529569572,100.459327697754,9.502578735351705
2013-10-31,2013-10,100.54,109.08,92.4993,13.75,348118.0,-0.055615549281061,-0.0228394919698224,-0.0104458714236379,-2.8500000000000014,17717.5,8.539999999999992,3.230000000000004,-0.0026308386873745,0.0466941275141579,72.9531173706055,-27.50621032714851
2013-11-30,2013-11,93.86,107.79,93.3737,13.7,358396.2,-0.068751347898158,-0.0118966681838506,0.009408644077796,-0.0500000000000007,10278.200000000012,13.930000000000009,5.390000000000015,-0.055615549281061,0.05694644015707,77.7790222167969,4.825904846191406
2013-12-31,2013-12,97.63,110.76,93.534,13.72,339051.0,0.0393805128713085,0.0271808085092235,0.0017152855586255,0.0200000000000013,-19345.20000000001,13.13000000000001,-0.7999999999999972,-0.068751347898158,0.0592219259578262,70.3724899291992,-7.406532287597699
2014-01-31,2014-01,94.62,108.12,94.4648,18.41,323861.0,-0.0313159530345776,-0.024123976894514,0.0099022717781815,4.69,-15190.0,13.5,0.3699999999999903,0.0393805128713085,0.0423877895159439,77.9159698486328,7.543479919433594
2014-02-28,2014-02,100.82,108.9,94.6456,14.0,331104.0,0.0634678784514823,0.0071883085306678,0.0019121111804132,-4.41,7243.0,8.080000000000013,-5.419999999999988,-0.0313159530345776,0.052675820960931,69.0035247802734,-8.912445068359403
2014-03-31,2014-03,100.8,107.48,94.4408,13.88,345435.25,-0.0001983930172162,-0.013125246191624,-0.0021662063488907,-0.1199999999999992,14331.25,6.680000000000007,-1.4000000000000057,0.0634678784514823,0.0527462123621916,119.838554382324,50.83502960205061
2014-04-30,2014-04,102.07,107.76,93.9956,13.41,362037.25,0.0125204967781389,0.0026017483548184,-0.0047252105044908,-0.4700000000000006,16602.0,5.690000000000012,-0.9899999999999948,-0.0001983930172162,0.0477602713459291,93.2215423583984,-26.61701202392561
2014-05-31,2014-05,102.18,109.54,93.67,11.4,362402.6,0.0010771114872447,0.0163832472534659,-0.0034700054427734,-2.01,365.3499999999767,7.359999999999999,1.6699999999999875,0.0125204967781389,0.0332126985053889,83.4288558959961,-9.792686462402301
2014-06-30,2014-06,105.79,111.8,93.8274,11.57,354869.0,0.0347200330960308,0.0204217813654237,0.0016789570092656,0.1699999999999999,-7533.599999999977,6.009999999999991,-1.3500000000000083,0.0010771114872447,0.0325527060425743,98.7671051025391,15.338249206543011
2014-07-31,2014-07,103.59,106.77,93.6039,16.95,342269.5,-0.0210151969286718,-0.0460345725307878,-0.002384874948123,5.379999999999999,-12599.5,3.1799999999999926,-2.8299999999999983,0.0347200330960308,0.0298865881307432,138.753952026367,39.98684692382788
2014-08-31,2014-08,96.54,101.61,94.5808,11.98,331594.4,-0.0704833698376639,-0.0495350326924208,0.0103824463456501,-4.969999999999999,-10675.099999999977,5.069999999999993,1.8900000000000008,-0.0210151969286718,0.0359426194033445,136.445587158203,-2.3083648681639772
2014-09-30,2014-09,93.21,97.09,96.1209,16.31,327705.5,-0.0351024181592816,-0.0455035721157361,0.0161522784924805,4.329999999999998,-3888.9000000000233,3.8800000000000097,-1.1899999999999835,-0.0704833698376639,0.0373731108683891,131.556655883789,-4.888931274414006
2014-10-31,2014-10,84.4,87.43,97.4396,14.03,342701.4,-0.0992876104711539,-0.1047999101892545,0.0136259247425361,-2.28,14995.900000000023,3.030000000000001,-0.8500000000000085,-0.0351024181592816,0.0483403231293985,83.661003112793,-47.89565277099601
2014-11-30,2014-11,75.79,79.44,99.1147,13.33,348156.75,-0.1076010437779739,-0.0958364534558819,0.0170450664876788,-0.6999999999999993,5455.349999999977,3.649999999999992,0.6199999999999903,-0.0992876104711539,0.0536768212177629,84.3800506591797,0.7190475463867045
2014-12-31,2014-12,59.29,62.34,101.4441,19.2,350872.75,-0.2455257001046611,-0.2423987453977263,0.0232301425026761,5.869999999999999,2716.0,3.0500000000000043,-0.5999999999999872,-0.1076010437779739,0.0806029116014763,86.5262222290039,2.1461715698242045
2015-01-31,2015-01,47.22,47.76,103.7607,20.97,363976.0,-0.2276231260619097,-0.2664148052548443,0.0225793784699304,1.7699999999999996,13103.25,0.5399999999999991,-2.510000000000005,-0.2455257001046611,0.0858649362091445,111.985694885254,25.4594726562501
2015-02-28,2015-02,50.58,58.1,105.1685,13.34,396376.25,0.0687387095844522,0.1959771947735191,0.01347653948467,-7.629999999999999,32400.25,7.520000000000003,6.980000000000004,-0.2276231260619097,0.1181941438875022,111.924697875977,-0.06099700927700269
2015-03-31,2015-03,47.82,55.89,107.3647,15.29,427918.0,-0.0561122792116401,-0.0387801905762588,0.0206676244007093,1.9499999999999995,31541.75,8.07,0.5499999999999972,0.0687387095844522,0.1159009786547958,104.23526763916,-7.689430236817003
2015-04-30,2015-04,54.45,59.52,106.3523,14.55,453767.5,0.1298388873487908,0.0629269172432298,-0.0094742820918432,-0.7399999999999984,25849.5,5.07,-3.0,-0.0561122792116401,0.1525708479194359,102.190490722656,-2.0447769165040057
2015-05-31,2015-05,59.27,64.08,105.4065,13.84,449211.4,0.084820426420777,0.0738199122352671,-0.0089328640816921,-0.7100000000000009,-4556.099999999977,4.809999999999995,-0.2600000000000051,0.1298388873487908,0.1636744455066273,76.2623291015625,-25.928161621093494
2015-06-30,2015-06,59.82,61.48,106.179,18.23,434569.5,0.0092367774020551,-0.0414203840897089,0.0073020451067122,4.390000000000001,-14641.900000000023,1.6599999999999966,-3.1499999999999986,0.084820426420777,0.1294686411309554,85.9059677124023,9.643638610839801
2015-07-31,2015-07,50.9,56.56,108.1236,12.12,429155.4,-0.1614771296453248,-0.0834098970820775,0.0181486680496485,-6.110000000000001,-5414.099999999977,5.660000000000004,4.000000000000007,0.0092367774020551,0.1069091069967582,106.808662414551,20.902694702148693
2015-08-31,2015-08,42.87,46.52,109.9768,28.43,422227.75,-0.1716906429465914,-0.1954196939378536,0.0169944172657183,16.310000000000002,-6927.650000000023,3.6500000000000057,-2.009999999999998,-0.1614771296453248,0.1251242943712084,82.4785308837891,-24.33013153076189
2015-09-30,2015-09,45.48,47.62,110.8513,24.5,424510.25,0.0591003882724496,0.0233705134082526,0.0079202290962614,-3.93,2282.5,2.140000000000001,-1.5100000000000051,-0.1716906429465914,0.1286575525867977,98.7674560546875,16.288925170898395
2015-10-31,2015-10,46.22,48.43,109.9036,15.07,441814.2,0.0161399359638991,0.0168666153564212,-0.0085860456283786,-9.43,17303.95000000001,2.210000000000001,0.0700000000000002,0.0591003882724496,0.1114541522976043,91.931884765625,-6.8355712890625
2015-11-30,2015-11,42.44,44.27,111.6916,16.13,455785.75,-0.0853212911004521,-0.0898122096710882,0.0161378838900372,1.0599999999999987,13971.549999999988,1.8300000000000052,-0.3799999999999954,0.0161399359638991,0.0980580807549759,150.715881347656,58.783996582030994
2015-12-31,2015-12,37.19,38.01,112.7857,18.21,454872.5,-0.1320514058088036,-0.1524579637428922,0.0097480561629534,2.080000000000002,-913.25,0.8200000000000003,-1.0100000000000051,-0.0853212911004521,0.0963031520880279,148.236877441406,-2.47900390625
2016-01-31,2016-01,31.68,30.7,115.2344,20.2,458442.2,-0.1603543409907537,-0.2135866284080059,0.0214787568195466,1.9899999999999984,3569.700000000012,-0.9800000000000004,-1.8000000000000007,-0.1320514058088036,0.0961122405118249,118.211143493652,-30.02573394775399
2016-02-29,2016-02,30.32,32.18,114.2817,20.55,476630.75,-0.0438780061720538,0.0470824869710857,-0.0083018618017609,0.3500000000000014,18188.54999999999,1.8599999999999997,2.84,-0.1603543409907537,0.0849878706958479,103.749649047852,-14.4614944458
2016-03-31,2016-03,37.55,38.21,111.8934,13.95,497084.0,0.2138658174359724,0.1717521198945713,-0.0211198206505427,-6.600000000000001,20453.25,0.6600000000000037,-1.1999999999999955,-0.0438780061720538,0.1358210547945132,109.720291137695,5.970642089842997
2016-04-30,2016-04,40.75,41.58,110.0171,15.7,506509.6,0.0817824614767279,0.0845220209710584,-0.0169108240891091,1.75,9425.599999999977,0.8299999999999983,0.1699999999999946,0.2138658174359724,0.1429257604603573,85.2214508056641,-24.498840332030895
2016-05-31,2016-05,46.71,46.74,111.1405,14.19,507015.0,0.136502434827145,0.1169810466808449,0.0101593584158949,-1.5099999999999998,505.4000000000233,0.0300000000000011,-0.7999999999999972,0.0817824614767279,0.1513964965039109,88.3324203491211,3.1109695434569886
2016-06-30,2016-06,48.76,48.25,111.5596,15.63,499672.5,0.042952030099054,0.0317954986742829,0.0037638105663786,1.4400000000000013,-7342.5,-0.509999999999998,-0.5399999999999991,0.136502434827145,0.1329022818543168,90.1681289672852,1.8357086181641051
2016-07-31,2016-07,44.65,44.95,112.4773,11.87,491227.0,-0.0880559972905627,-0.0708450668673652,0.0081924462684837,-3.7600000000000016,-8445.5,0.3000000000000042,0.8100000000000023,0.042952030099054,0.1122108947461709,114.610450744629,24.442321777343807
2016-08-31,2016-08,44.72,45.84,111.4384,13.42,492907.5,0.0015665215243356,0.0196063114888547,-0.0092794516401362,1.5500000000000007,1680.5,1.1200000000000043,0.8200000000000003,-0.0880559972905627,0.1053480116290316,98.7384872436523,-15.871963500976705
2016-09-30,2016-09,45.18,46.57,112.3169,13.29,475209.8,0.0102336821930135,0.0157994845878017,0.0078523683148361,-0.1300000000000007,-17697.70000000001,1.3900000000000006,0.269999999999996,0.0015665215243356,0.0765822437093834,104.545227050781,5.806739807128693
2016-10-31,2016-10,49.78,49.52,113.4747,17.06,473351.25,0.0969587858995888,0.0614200713820545,0.0102555644033817,3.77,-1858.5499999999884,-0.259999999999998,-1.6499999999999986,0.0102336821930135,0.0788196304447964,85.7477874755859,-18.7974395751951
2016-11-30,2016-11,45.66,44.73,116.1075,13.33,488117.0,-0.0863906558377967,-0.1017322109315839,0.0229365815156894,-3.729999999999999,14765.75,-0.9299999999999996,-0.6700000000000017,0.0969587858995888,0.0727792798317528,82.9187545776367,-2.8290328979491903
2016-12-31,2016-12,51.97,53.31,117.9048,14.04,483894.6,0.1294439879187012,0.1754795133899129,0.0153610330821951,0.7099999999999991,-4222.400000000023,1.3400000000000034,2.270000000000003,-0.0863906558377967,0.0903367702953036,102.180465698242,19.261711120605298
2017-01-31,2017-01,52.5,54.58,117.7858,11.99,487905.75,0.0101465405772276,0.0235435844455227,-0.0010097985249473,-2.049999999999999,4011.1500000000233,2.0799999999999983,0.7399999999999949,0.1294439879187012,0.0767573491845532,105.201232910156,3.0207672119139914
2017-02-28,2017-02,53.47,54.87,116.1204,12.92,516394.5,0.018307579363062,0.0052992357906918,-0.014240136794978,0.9299999999999996,28488.75,1.3999999999999986,-0.6799999999999997,0.0101465405772276,0.0759482306290788,114.206359863281,9.005126953125
2017-03-31,2017-03,49.33,51.59,115.6558,12.37,531835.8,-0.0805883337149935,-0.0616388958143256,-0.0040090451243166,-0.5500000000000007,15441.300000000048,2.260000000000005,0.8600000000000065,0.018307579363062,0.0886178415350801,96.6358795166016,-17.57048034667939
2017-04-30,2017-04,51.06,52.31,114.7698,10.82,530548.5,0.0344689965676909,0.0138597021259614,-0.0076901556631536,-1.549999999999999,-1287.3000000000466,1.25,-1.0100000000000051,-0.0805883337149935,0.0802899450301668,119.459922790527,22.824043273925398
2017-05-31,2017-05,48.48,50.33,114.2591,10.41,517387.25,-0.0518500700522785,-0.0385862365942513,-0.0044597065823719,-0.4100000000000001,-13161.25,1.8500000000000012,0.6000000000000014,0.0344689965676909,0.0734388342982536,102.579963684082,-16.879959106445
2017-06-30,2017-06,45.18,46.37,112.7603,11.18,509195.0,-0.0704968307212019,-0.0819486223848993,-0.0132043497327343,0.7699999999999996,-8192.25,1.1899999999999975,-0.6600000000000037,-0.0518500700522785,0.0500234179408517,126.789016723633,24.209053039550994
2017-07-31,2017-07,46.63,48.48,111.0606,10.26,487819.0,0.0315895997803723,0.0444986433576897,-0.0151883284762757,-0.92,-21376.0,1.8499999999999943,0.6599999999999966,-0.0704968307212019,0.0535365124403223,102.813461303711,-23.975555419922003
2017-08-31,2017-08,48.04,51.7,109.9059,10.59,465716.75,0.0297898863915535,0.0643064397533246,-0.0104514531470973,0.33,-22102.25,3.660000000000004,1.8100000000000092,0.0315895997803723,0.0553441997689398,138.531616210938,35.71815490722702
2017-09-30,2017-09,49.82,56.15,108.8542,9.51,467875.0,0.0363825126222514,0.0825688996700688,-0.0096151729917437,-1.08,2158.25,6.329999999999998,2.6699999999999946,0.0297898863915535,0.0490695209808538,115.534446716309,-22.997169494629006
2017-10-31,2017-10,51.58,57.51,110.8892,10.18,457737.0,0.034717490619164,0.0239321645412102,0.0185221324373614,0.6699999999999999,-10138.0,5.93,-0.3999999999999986,0.0363825126222514,0.0491028570910256,91.4615707397461,-24.072875976562912
2017-11-30,2017-11,56.64,62.71,111.1635,11.28,456748.75,0.0935814489322655,0.0865620788292664,0.0024705859421896,1.0999999999999996,-988.25,6.07,0.1400000000000005,0.034717490619164,0.0531192187209218,92.5960159301758,1.1344451904297017
2017-12-31,2017-12,57.88,64.37,110.8758,11.04,436785.0,0.0216564523778188,0.0261267615095954,-0.0025914345884254,-0.2400000000000002,-19963.75,6.490000000000002,0.4200000000000017,0.0935814489322655,0.0261285415889358,82.7182540893555,-9.877761840820298
2018-01-31,2018-01,63.7,69.08,108.3568,13.54,415527.75,0.0958126608148344,0.0706175672139535,-0.0229811703477773,2.5,-21257.25,5.379999999999996,-1.1100000000000063,0.0216564523778188,0.0334818656089412,92.4267883300781,9.7085342407226
2018-02-28,2018-02,62.23,65.32,107.6501,19.85,421581.5,-0.023347363996991,-0.0559669851762141,-0.0065433328422095,6.310000000000002,6053.75,3.0899999999999963,-2.289999999999999,0.0958126608148344,0.045425683113509,64.4913711547852,-27.935417175292898
2018-03-31,2018-03,62.73,66.02,107.9472,19.97,428084.2,0.0080026035275251,0.0106594583227828,0.0027560659438847,0.1199999999999974,6502.700000000012,3.289999999999999,0.2000000000000028,-0.023347363996991,0.0476903591365796,111.962295532227,47.470924377441804
2018-04-30,2018-04,66.25,72.11,107.9434,15.93,430474.25,0.0545956627576798,0.0882350045036215,-3.5203014864038096e-05,-4.039999999999999,2390.0499999999884,5.859999999999999,2.5700000000000003,0.0080026035275251,0.0480719858111924,123.263473510742,11.301177978515
2018-05-31,2018-05,69.98,76.98,111.047,15.43,434689.0,0.0547740220732109,0.0653529169269315,0.0283465194420271,-0.5,4214.75,7.0,1.1400000000000006,0.0545956627576798,0.0419145182565118,125.666618347168,2.4031448364259944
2018-06-30,2018-06,67.87,74.41,112.8444,16.09,426013.8,-0.0306153762238752,-0.0339553064464306,0.0160563435210212,0.6600000000000001,-8675.200000000012,6.539999999999992,-0.4600000000000079,0.0547740220732109,0.0499641929478612,103.968589782715,-21.698028564452997
2018-07-31,2018-07,70.98,74.25,113.0595,12.83,407502.25,0.0448040365026836,-0.0021525637263604,0.0019043501684201,-3.26,-18511.54999999999,3.269999999999996,-3.269999999999996,-0.0306153762238752,0.0389436188688266,110.028427124023,6.059837341307997
2018-08-31,2018-08,68.06,72.53,113.8316,12.86,407444.6,-0.0420084781455907,-0.023437508307488,0.0068059344800355,0.0299999999999993,-57.65000000002328,4.469999999999999,1.2000000000000028,0.0448040365026836,0.0433998369545901,112.741683959961,2.7132568359379974
2018-09-30,2018-09,70.23,78.89,114.0787,12.12,397571.0,0.0313859010981696,0.0840542077316772,0.0021683978023014,-0.7400000000000002,-9873.599999999977,8.659999999999997,4.189999999999998,-0.0420084781455907,0.0437026816267379,75.0539093017578,-37.687774658203196
2018-10-31,2018-10,70.75,81.03,114.8313,21.23,418795.75,0.0073769663524174,0.0267649793656357,0.0065755337182205,9.11,21224.75,10.28,1.6200000000000043,0.0313859010981696,0.0400732184404872,92.0164794921875,16.9625701904297
2018-11-30,2018-11,56.96,64.75,116.169,18.07,442879.8,-0.2168032694196267,-0.2242857558929865,0.0115819326066048,-3.16,24084.04999999999,7.789999999999999,-2.490000000000002,0.0073769663524174,0.0955923590571733,80.407585144043,-11.608894348144503
2018-12-31,2018-12,49.52,57.36,116.2118,25.42,441560.0,-0.1399726387273796,-0.1211865042882829,0.0003683609014508,7.350000000000001,-1319.7999999999884,7.839999999999996,0.0499999999999971,-0.2168032694196267,0.1047351536380905,90.607666015625,10.200080871582003
2019-01-31,2019-01,51.38,59.41,114.4425,16.57,441940.5,0.0368723633053971,0.035115366076285,-0.0153418748635481,-8.850000000000001,380.5,8.029999999999994,0.1899999999999977,-0.1399726387273796,0.1033010605961847,87.4241027832031,-3.1835632324219034
2019-02-28,2019-02,54.95,63.96,114.413,14.78,449606.0,0.067174689167893,0.0737953255981036,-0.0002578045986512,-1.790000000000001,7665.5,9.009999999999998,0.980000000000004,0.0368723633053971,0.1147843726280994,96.800163269043,9.3760604858399
2019-03-31,2019-03,58.15,66.14,114.7835,13.71,446658.6,0.0566021981150424,0.033515819587893,0.0032330364793669,-1.0699999999999985,-2947.4000000000237,7.990000000000002,-1.019999999999996,0.067174689167893,0.1181427058598903,82.3282928466797,-14.471870422363295
2019-04-30,2019-04,63.86,71.23,114.9037,13.12,460726.0,0.0936673083219625,0.0741403704366163,0.0010466409183695,-0.5900000000000016,14067.400000000023,7.370000000000003,-0.6199999999999974,0.0566021981150424,0.1286046093284432,79.2534484863281,-3.074844360351605
2019-05-31,2019-05,60.83,71.32,115.9574,18.71,475034.2,-0.0486100989540219,0.0012627150046764,0.0091284960264772,5.590000000000002,14308.200000000012,10.489999999999997,3.1199999999999903,0.0936673083219625,0.0884132444346785,106.471900939941,27.218452453612898
2019-06-30,2019-06,54.66,64.22,115.4271,15.08,476475.25,-0.106950907832692,-0.1048621043335709,-0.0045837204176466,-3.630000000000001,1441.0499999999884,9.560000000000002,-0.9299999999999926,-0.0486100989540219,0.0774924238201589,106.588455200195,0.11655426025400573
2019-07-31,2019-07,57.35,63.92,115.0776,16.12,449113.5,0.0480406630754579,-0.0046823872033492,-0.0030324784512529,1.040000000000001,-27361.75,6.57,-2.990000000000002,-0.106950907832692,0.0782116110612353,93.5212554931641,-13.067199707030895
2019-08-31,2019-08,54.81,59.04,117.1004,18.98,433589.8,-0.0453001845173544,-0.0794171211658021,0.0174250030731712,2.8599999999999994,-15523.700000000012,4.229999999999997,-2.3400000000000034,0.0480406630754579,0.077637283947382,103.404418945313,9.883163452148892
2019-09-30,2019-09,56.95,62.83,117.3239,16.24,418843.5,0.0383010308351661,0.0622174861226385,0.001906799488947,-2.740000000000002,-14746.299999999988,5.879999999999996,1.6499999999999986,-0.0453001845173544,0.0752721928457852,90.3679885864258,-13.036430358887202
2019-10-31,2019-10,53.96,59.71,116.7463,13.22,433105.75,-0.0539306585536363,-0.0509331558559544,-0.0049352815726502,-3.019999999999998,14262.25,5.75,-0.1299999999999954,0.0383010308351661,0.0596786273656248,97.8367309570313,7.468742370605511
2019-11-30,2019-11,57.03,63.21,116.5595,12.62,449042.2,0.0553344138288927,0.0569630059253061,-0.0016013321564836,-0.6000000000000014,15936.450000000012,6.18,0.4299999999999997,-0.0539306585536363,0.0671452077631581,73.0783843994141,-24.7583465576172
2019-12-31,2019-12,59.88,67.31,115.9096,13.78,441501.5,0.0487651143829799,0.0628462975384147,-0.0055912953001371,1.16,-7540.700000000012,7.43,1.25,0.0553344138288927,0.0505744502976625,74.2798919677734,1.2015075683592897
2020-01-31,2020-01,57.52,63.65,115.2794,18.84,430868.0,-0.0402098461386364,-0.0559094890192062,-0.0054518299825963,5.0600000000000005,-10633.5,6.129999999999996,-1.3000000000000045,0.0487651143829799,0.0519285989319842,138.420944213867,64.1410522460936
2020-02-29,2020-02,50.54,55.66,116.7105,40.11,443201.25,-0.1293676114527433,-0.1341375689056709,0.0123377625793485,21.27,12333.25,5.119999999999997,-1.009999999999998,-0.0402098461386364,0.073582366473748,75.9555587768555,-62.46538543701149
2020-03-31,2020-03,29.21,32.01,121.0227,53.54,457518.25,-0.5482539855603985,-0.5532134021159729,0.0362816217691008,13.43,14317.0,2.799999999999997,-2.3200000000000003,-0.1293676114527433,0.2249391655366434,81.5400314331055,5.58447265625
2020-04-30,2020-04,16.55,18.38,123.2803,34.15,508564.75,-0.5681250145765775,-0.5547852370542308,0.0184824931864229,-19.39,51046.5,1.8299999999999983,-0.9699999999999988,-0.5482539855603985,0.28786926740572,69.3394012451172,-12.200630187988295
2020-05-31,2020-05,28.56,29.38,122.615,27.51,531391.6,0.5456210356483115,0.4690510538181902,-0.0054112593728063,-6.639999999999997,22826.849999999977,0.8200000000000003,-1.009999999999998,-0.5681250145765775,0.4152276591617337,68.5072174072266,-0.8321838378905966
2020-06-30,2020-06,38.31,40.27,119.6766,30.43,537898.5,0.293703821241174,0.3152926041176318,-0.0242562603891309,2.919999999999998,6506.900000000023,1.9600000000000009,1.1400000000000006,0.5456210356483115,0.4455151834671707,71.2278594970703,2.720642089843693
2020-07-31,2020-07,40.71,43.24,118.69,24.46,530402.8,0.06076280380233,0.0711592179076445,-0.0082780526632983,-5.969999999999999,-7495.699999999953,2.530000000000001,0.5700000000000003,0.293703821241174,0.4489604569492441,66.4732818603516,-4.754577636718693
2020-08-31,2020-08,42.34,44.74,116.9453,26.41,508175.0,0.0392585031918315,0.034101963290976,-0.0148087479603677,1.9499999999999995,-22227.800000000047,2.3999999999999986,-0.1300000000000025,0.06076280380233,0.4488479976348865,65.4660491943359,-1.0072326660157103
2020-09-30,2020-09,39.63,40.91,116.3431,26.37,495827.75,-0.0661458585043752,-0.0894934241206764,-0.0051627199429526,-0.0399999999999991,-12347.25,1.279999999999994,-1.1200000000000043,0.0392585031918315,0.3743867204271308,80.3773803710938,14.911331176757912
2020-10-31,2020-10,39.4,40.19,115.7798,38.02,489399.8,-0.0058205908984558,-0.0177563234801976,-0.0048534729297875,11.650000000000002,-6427.950000000012,0.7899999999999991,-0.4899999999999949,-0.0661458585043752,0.2316097968189621,76.0831680297852,-4.294212341308608
2020-11-30,2020-11,40.94,42.69,114.0984,20.57,488736.0,0.0383417639292553,0.0603464923087608,-0.0146288772526244,-17.450000000000003,-663.7999999999884,1.75,0.9600000000000009,-0.0058205908984558,0.1230954694003614,70.0674667358398,-6.015701293945398
2020-12-31,2020-12,47.02,49.99,111.8992,22.75,499082.5,0.1384654628787802,0.1578582846556084,-0.0194627679307508,2.18,10346.5,2.969999999999999,1.2199999999999989,0.0383417639292553,0.0682503215257447,64.0672912597656,-6.0001754760742045
2021-01-31,2021-01,52.0,54.77,111.4873,33.09,481309.0,0.1006706754695039,0.0913196133701514,-0.0036877829842989,10.340000000000003,-17773.5,2.770000000000003,-0.1999999999999957,0.1384654628787802,0.0731332421734598,77.418701171875,13.351409912109403
2021-02-28,2021-02,59.04,62.28,112.0171,27.95,469604.5,0.1269714617107893,0.128497748170167,0.0047408551447052,-5.140000000000004,-11704.5,3.240000000000002,0.4699999999999988,0.1006706754695039,0.0810976177870995,73.9568023681641,-3.461898803710895
2021-03-31,2021-03,62.33,65.41,113.3366,19.4,500937.0,0.054227670528542,0.0490348050073237,0.0117106138437828,-8.55,31332.5,3.0799999999999983,-0.1600000000000037,0.1269714617107893,0.0560246470192214,78.618766784668,4.661964416503892
2021-04-30,2021-04,61.72,64.81,112.6323,18.61,492395.4,-0.0098348233257992,-0.0092152395334963,-0.0062336213579952,-0.7899999999999991,-8541.599999999977,3.0900000000000034,0.0100000000000051,0.054227670528542,0.0572012607720417,88.1662216186523,9.547454833984304
2021-05-31,2021-05,65.17,68.53,111.2123,16.76,483580.25,0.0543912128493291,0.0558116931581071,-0.0126875434878526,-1.8499999999999976,-8815.150000000023,3.3599999999999994,0.269999999999996,-0.0098348233257992,0.0555050991553668,93.0071334838867,4.840911865234403
2021-06-30,2021-06,71.38,73.16,111.5777,15.83,463026.25,0.0910184777177249,0.065377217924933,0.0032802219815746,-0.9300000000000016,-20554.0,1.7800000000000011,-1.5799999999999983,0.0543912128493291,0.0479439788430296,74.1271209716797,-18.880012512207003
2021-07-31,2021-07,72.49,75.17,113.0633,18.24,439513.2,0.0154309032507722,0.0271033916667127,0.0132266296710836,2.4099999999999984,-23513.04999999999,2.680000000000007,0.9000000000000057,0.0910184777177249,0.0494906993681144,58.420768737793,-15.706352233886705
2021-08-31,2021-08,67.73,70.75,113.4025,16.48,433070.0,-0.0679194080859737,-0.0605996786660307,0.0029955980430953,-1.759999999999998,-6443.200000000012,3.019999999999996,0.3399999999999892,0.0154309032507722,0.0565486801823551,89.4865493774414,31.06578063964841
2021-09-30,2021-09,71.65,74.49,113.4438,23.14,418454.5,0.0562639410473684,0.0515123516648383,0.0003641232010949,6.66,-14615.5,2.839999999999989,-0.1800000000000068,-0.0679194080859737,0.0567800370865702,80.6969680786133,-8.78958129882811
2021-10-31,2021-10,81.48,83.54,114.0635,16.26,427864.0,0.1285644370844245,0.1146606708808439,0.0054477507545476,-6.879999999999999,9409.5,2.0600000000000023,-0.7799999999999869,0.0562639410473684,0.0677213431621562,79.0292358398438,-1.6677322387694886
2021-11-30,2021-11,79.15,81.05,114.9898,27.19,433809.5,-0.0290128050315843,-0.0302593108873443,0.008088117915717,10.93,5945.5,1.8999999999999917,-0.1600000000000108,0.1285644370844245,0.0739955114623387,86.5691452026367,7.539909362792898
2021-12-31,2021-12,71.71,74.17,115.8045,17.22,424514.6,-0.0987145784325376,-0.0887064924332179,0.0070599957101027,-9.970000000000002,-9294.900000000023,2.460000000000008,0.5600000000000165,-0.0290128050315843,0.0838192929128758,105.345420837402,18.776275634765298
2022-01-31,2022-01,83.22,86.51,115.0373,24.83,414611.0,0.1488574956603114,0.1539002584438158,-0.0066470008875354,7.609999999999999,-9903.599999999977,3.2900000000000063,0.8299999999999983,-0.0987145784325376,0.1038041987274475,138.674987792969,33.329566955567
2022-02-28,2022-02,91.64,97.13,114.9977,30.15,412835.5,0.0963801540305002,0.1157902732219566,-0.0003442954367045,5.32,-1775.5,5.489999999999995,2.1999999999999886,0.1488574956603114,0.0964299419499768,216.15901184082,77.484024047851
2022-03-31,2022-03,108.5,117.25,116.2908,20.56,412704.5,0.1688823153952192,0.1882581199121489,0.0111818224713822,-9.59,-131.0,8.75,3.260000000000005,0.0963801540305002,0.1080609352756682,318.954925537109,102.79591369628898
2022-04-30,2022-04,101.78,104.58,117.1688,33.4,415601.6,-0.063936551819828,-0.1143560785664039,0.0075216794635881,12.84,2897.0999999999767,2.799999999999997,-5.950000000000003,0.1688823153952192,0.1152348360541141,191.143096923828,-127.81182861328097
2022-05-31,2022-05,109.55,113.34,119.6962,26.19,419892.0,0.0735674448807888,0.0804398219814883,0.0213412359300475,-7.209999999999997,4290.400000000023,3.7900000000000063,0.9900000000000092,-0.063936551819828,0.111000402674971,142.258483886719,-48.884613037109006
2022-06-30,2022-06,114.84,122.71,120.0257,28.71,417341.5,0.0471587892113882,0.0794316972469832,0.0027490204900404,2.52,-2550.5,7.86999999999999,4.079999999999984,0.0735674448807888,0.0833469994269366,130.707321166992,-11.551162719727017
2022-07-31,2022-07,101.62,111.93,122.7512,21.33,425220.4,-0.1222994890872772,-0.0919501720872801,0.0224536560759531,-7.380000000000003,7878.900000000023,10.310000000000002,2.440000000000012,0.0471587892113882,0.1075558932617212,117.176765441895,-13.530555725096988
2022-08-31,2022-08,93.67,100.45,122.3177,25.87,424245.5,-0.0814623989445468,-0.1082135846402323,-0.0035377842895396,4.540000000000003,-974.9000000000232,6.780000000000001,-3.530000000000001,-0.1222994890872772,0.1111382185510155,132.863220214844,15.686454772949006
2022-09-30,2022-09,84.26,89.76,125.5946,31.62,429472.0,-0.1058707106701684,-0.1125206494865569,0.026437501174553,5.75,5226.5,5.5,-1.2800000000000011,-0.0814623989445468,0.0823054973343698,131.985870361328,-0.8773498535159945
2022-10-31,2022-10,87.55,93.33,127.4806,25.88,438303.5,0.0383028021809899,0.0390021578032691,0.014904936679434,-5.740000000000002,8831.5,5.780000000000001,0.2800000000000011,-0.1058707106701684,0.0873211097222911,143.162414550781,11.176544189452983
2022-11-30,2022-11,84.37,91.42,124.8527,20.58,431714.75,-0.0369981705543249,-0.0206773266740576,-0.02082955371562,-5.300000000000001,-6588.75,7.049999999999997,1.269999999999996,0.0383028021809899,0.0727922966878075,116.716285705566,-26.446128845215
2022-12-31,2022-12,76.44,80.92,122.2343,21.67,419171.8,-0.0987057688054635,-0.1220032606040533,-0.0211949476932202,1.0900000000000034,-12542.950000000012,4.480000000000004,-2.569999999999993,-0.0369981705543249,0.0596119941530748,111.195938110352,-5.520347595213991
2023-01-31,2023-01,78.12,82.5,119.8101,19.4,447214.5,0.0217399866364056,0.0193372810410901,-0.0200317054435368,-2.270000000000003,28042.70000000001,4.379999999999996,-0.1000000000000085,-0.0987057688054635,0.0622390414997767,104.267044067383,-6.928894042969006
2023-02-28,2023-02,76.83,82.59,120.3084,20.7,471438.25,-0.0166509171289339,0.0010903144819911,0.004150456673031,1.3000000000000007,24223.75,5.760000000000005,1.3800000000000097,0.0217399866364056,0.059985359170763,120.99437713623,16.727333068847003
2023-03-31,2023-03,73.28,78.43,120.745,18.7,476679.8,-0.0473074685136687,-0.0516821005980512,0.0036224378284979,-2.0,5241.549999999988,5.150000000000006,-0.6099999999999994,-0.0166509171289339,0.0496341392552195,105.379974365234,-15.614402770995994
2023-04-30,2023-04,79.45,84.64,119.2451,15.78,464266.0,0.0808401726168499,0.0762004608854143,-0.0124998450303817,-2.92,-12413.799999999988,5.189999999999998,0.039999999999992,-0.0473074685136687,0.0617476786308609,106.80965423584,1.4296798706059946
2023-05-31,2023-05,71.58,75.47,119.6293,17.94,461258.25,-0.1043121876448456,-0.1146717418132121,0.0032167560131437,2.160000000000002,-3007.75,3.890000000000001,-1.2999999999999972,0.0808401726168499,0.0716135749851509,108.467681884766,1.6580276489259944
2023-06-30,2023-06,70.25,74.84,119.2969,13.59,459098.8,-0.0187553971240239,-0.0083827248908878,-0.0027824509363503,-4.350000000000001,-2159.450000000012,4.590000000000003,0.7000000000000028,-0.1043121876448456,0.0625576401754171,110.528945922852,2.0612640380860086
2023-07-31,2023-07,76.07,80.11,118.0492,13.63,453034.75,0.0795936607953544,0.0680481888211366,-0.0105138571352068,0.0400000000000009,-6064.049999999988,4.040000000000006,-0.5499999999999972,-0.0187553971240239,0.0728017505560178,107.448783874512,-3.08016204834
2023-08-31,2023-08,81.39,86.15,119.8564,13.57,435439.0,0.0675984463297405,0.0726892727469126,0.0151928728190338,-0.0600000000000005,-17595.75,4.760000000000005,0.7199999999999989,0.0795936607953544,0.0779186357549927,101.141181945801,-6.3076019287110086
2023-09-30,2023-09,89.43,93.72,121.6455,17.52,417207.0,0.0942037810191394,0.0842216506656567,0.0148167176385562,3.9499999999999993,-18232.0,4.289999999999992,-0.4700000000000131,0.0675984463297405,0.0786582952943273,98.6348114013672,-2.5063705444337927
2023-10-31,2023-10,85.64,90.6,123.4971,18.14,421750.0,-0.0433037326366081,-0.0338574005906613,0.0151065968343004,0.620000000000001,4543.0,4.959999999999994,0.6700000000000017,0.0942037810191394,0.0799361613376697,197.887008666992,99.25219726562479
2023-11-30,2023-11,77.69,82.94,121.2221,12.92,443208.5,-0.0974259147591523,-0.0883367582306986,-0.0185932737639227,-5.220000000000001,21458.5,5.25,0.2900000000000062,-0.0433037326366081,0.0779481996468914,156.696136474609,-41.19087219238298
2023-12-31,2023-12,71.9,77.63,119.8331,12.45,439423.8,-0.0774502842353284,-0.0661635044006461,-0.0115244589047529,-0.4700000000000006,-3784.700000000012,5.72999999999999,0.4799999999999897,-0.0974259147591523,0.0860869231558658,142.27946472168,-14.416671752929005
2024-01-31,2024-01,74.15,80.12,120.2274,14.35,426226.0,0.0308138038569403,0.0315715603800281,0.00328500819238,1.9000000000000004,-13197.799999999988,5.969999999999999,0.2400000000000091,-0.0774502842353284,0.0795613507094061,160.373657226563,18.09419250488301
2024-02-29,2024-02,77.25,83.48,121.0659,13.4,439252.25,0.0409568471939136,0.0410815714113832,0.0069500759052001,-0.9499999999999992,13026.25,6.230000000000004,0.2600000000000051,0.0308138038569403,0.0753825432791323,146.598175048828,-13.775482177735
2024-03-31,2024-03,81.28,85.41,120.6588,13.01,448038.0,0.0508530680523167,0.022856107749055,-0.0033682977775431,-0.3900000000000005,8785.75,4.129999999999996,-2.1000000000000085,0.0409568471939136,0.0648948771477996,133.213165283203,-13.385009765625
2024-04-30,2024-04,85.35,89.94,122.1428,15.65,457941.5,0.0488604654102777,0.0516795913845058,0.0122241243827652,2.640000000000001,9903.5,4.590000000000003,0.4600000000000079,0.0508530680523167,0.0679540598027712,163.947341918945,30.73417663574199
2024-05-31,2024-05,80.02,81.75,121.8583,12.92,457200.8,-0.0644838458113605,-0.0954769715651986,-0.0023319577569651,-2.7300000000000004,-740.7000000000116,1.730000000000004,-2.8599999999999994,0.0488604654102777,0.0593489883029198,130.521865844727,-33.42547607421801
2024-06-30,2024-06,79.77,82.25,123.7095,12.44,456498.0,-0.0031291095060508,0.0060975798681184,0.0150771808680056,-0.4800000000000004,-702.7999999999884,2.480000000000004,0.75,-0.0644838458113605,0.0446544192029943,113.092796325684,-17.429069519042983
2024-07-31,2024-07,81.8,85.15,123.3824,16.36,438714.0,0.0251297496856635,0.0346510174632159,-0.0026475994646117,3.92,-17784.0,3.3500000000000085,0.8700000000000045,-0.0031291095060508,0.0443700756564736,92.3948745727539,-20.6979217529301
2024-08-31,2024-08,76.68,80.36,122.6137,15.0,425904.2,-0.064636325431258,-0.0578978671619632,-0.0062497129185965,-1.3599999999999994,-12809.799999999988,3.6799999999999926,0.3299999999999841,0.0251297496856635,0.0528044595183844,140.975067138672,48.58019256591808
2024-09-30,2024-09,70.24,74.02,121.8849,16.73,416657.25,-0.0877229688505822,-0.0821812129887238,-0.0059616059847105,1.7300000000000004,-9246.950000000012,3.780000000000001,0.1000000000000085,-0.064636325431258,0.055692348713072,130.358779907227,-10.616287231445
2024-10-31,2024-10,71.99,75.63,123.5953,23.16,423706.0,0.0246092711543504,0.0215177029099278,0.0139353616224182,6.43,7048.75,3.640000000000001,-0.1400000000000005,-0.0877229688505822,0.0498966131980651,130.689208984375,0.3304290771480112
2024-11-30,2024-11,69.95,74.35,126.3113,13.51,427904.0,-0.0287465193697213,-0.0170693569617741,0.0217369764606898,-9.65,4198.0,4.399999999999992,0.7599999999999909,0.0246092711543504,0.0467580797738716,128.901641845703,-1.7875671386719887
2024-12-31,2024-12,70.12,73.86,127.5758,17.35,418836.5,0.0024273589415431,-0.0066122634817462,0.0099612028801487,3.8400000000000016,-9067.5,3.739999999999995,-0.6599999999999966,-0.0287465193697213,0.0472687054080115,142.366439819336,13.464797973632983
2025-01-31,2025-01,75.74,79.27,128.8369,16.43,415580.2,0.0770983624206156,0.0706883374246469,0.0098365655714047,-0.9200000000000016,-3256.2999999999884,3.530000000000001,-0.2099999999999937,0.0024273589415431,0.0604446591633077,113.233154296875,-29.133285522460994
2025-02-28,2025-02,71.53,75.44,127.8758,19.63,431072.25,-0.0571894803533563,-0.0495221085238624,-0.007487782961161,3.1999999999999997,15492.049999999988,3.9099999999999966,0.3799999999999954,0.0770983624206156,0.0592324014053825,136.980590820313,23.74743652343801
2025-03-31,2025-03,68.24,72.73,126.243,22.28,436402.5,-0.047086038936869,-0.036583684158753,-0.0128508592879486,2.650000000000002,5330.25,4.490000000000009,0.5800000000000125,-0.0571894803533563,0.0504592567960124,175.901123046875,38.92053222656199
2025-04-30,2025-04,63.54,68.13,124.1402,24.7,442179.25,-0.0713612743420535,-0.0653363093808723,-0.0167970490052855,2.419999999999998,5776.75,4.589999999999996,0.0999999999999872,-0.047086038936869,0.0543292532100373,140.973693847656,-34.927429199219006
2025-05-31,2025-05,62.17,64.45,122.3422,18.57,439957.2,-0.0217970605601243,-0.05552791540038,-0.0145895357444922,-6.129999999999999,-2222.0499999999884,2.280000000000001,-2.309999999999995,-0.0713612743420535,0.0542001291119388,166.827728271484,25.85403442382801
2025-06-30,2025-06,68.17,71.44,120.5939,16.73,421853.5,0.0921320170934478,0.1029682071830473,-0.0143933337413013,-1.84,-18103.70000000001,3.269999999999996,0.9899999999999948,-0.0217970605601243,0.0712111907614165,221.134902954102,54.30717468261798
2025-07-31,2025-07,68.39,71.04,120.1127,16.72,423466.75,0.0032220297353111,-0.0056148378843294,-0.0039982338750448,-0.0100000000000015,1613.25,2.6500000000000057,-0.6199999999999903,0.0921320170934478,0.0596946406104563,134.22200012207,-86.91290283203199
2025-08-31,2025-08,64.86,67.87,120.5758,15.36,422008.6,-0.0529955142308331,-0.0456489879682475,0.0038481320999546,-1.3599999999999994,-1458.1500000000233,3.010000000000005,0.3599999999999994,0.0032220297353111,0.059152199135587,138.988464355469,4.766464233399006
2025-09-30,2025-09,63.96,67.99,120.0291,16.28,417826.75,-0.0139732129134184,0.0017665248227016,-0.0045443874239108,0.9200000000000016,-4181.849999999977,4.029999999999994,1.019999999999989,-0.0529955142308331,0.0572201910723053,126.740585327148,-12.247879028321009
2025-10-31,2025-10,60.89,64.54,120.7618,17.44,420800.8,-0.0491889303452701,-0.0520754489145529,0.0060857969417567,1.16,2974.0499999999884,3.6500000000000057,-0.3799999999999883,-0.0139732129134184,0.053093612503198,154.512924194336,27.772338867187997
2025-11-30,2025-11,60.06,63.8,121.4177,16.35,426542.0,-0.013724895065299,-0.0115319962730717,0.0054166566838569,-1.09,5741.200000000012,3.739999999999995,0.0899999999999892,-0.0491889303452701,0.0527478642578503,104.351768493652,-50.16115570068399
2025-12-31,2025-12,57.97,62.54,120.1883,14.95,424454.5,-0.0354184272035427,-0.019946838321049,-0.0101769874161909,-1.400000000000002,-2087.5,4.57,0.8300000000000054,-0.013724895065299,0.0223529905912904,132.486221313477,28.134452819824986
